priority,why,code,name,app_link,location_text,evidence,self_care,pregnancy,cautions,dispute_note,REVIEW_location_ok (yes/no),REVIEW_safety_ok (yes/no),REVIEW_corrected_location,REVIEW_notes
1,safety: reference-only or pregnancy flag,BL27,Xiaochangshu (Small Intestine Shu),https://ease-murex.vercel.app/point/bl27,"On the lower back over the sacrum (the flat bone above the tailbone), two finger-widths out from the midline, a little above the dimple that sits over the buttock.",who,ok,yes,pregnancy,,,,,
1,safety: reference-only or pregnancy flag,BL28,Pangguangshu (Bladder Shu),https://ease-murex.vercel.app/point/bl28,"On the flat bone at the base of the spine (sacrum), two finger-widths out from the midline, level with the dimples above the buttocks.",who,ok,yes,pregnancy,,,,,
1,safety: reference-only or pregnancy flag,BL29,Zhonglushu (Central Backbone Shu),https://ease-murex.vercel.app/point/bl29,"On the flat bone at the base of the spine (sacrum), two finger-widths out from the midline, about one thumb-width below the level of the dimples above the buttocks.",who,ok,yes,pregnancy,,,,,
1,safety: reference-only or pregnancy flag,BL30,Baihuanshu (White Ring Shu),https://ease-murex.vercel.app/point/bl30,"On the lower back over the sacrum (the flat bone above the tailbone), two finger-widths out from the midline, near the bottom of the sacrum, close to where the buttock crease begins.",who,ok,yes,pregnancy,,,,,
1,safety: reference-only or pregnancy flag,BL31,Shangliao (Upper Bone Hole),https://ease-murex.vercel.app/point/bl31,"On the sacrum, in the small dent just above the buttock dimple, about halfway between the spine line and the bony bump of the hip.",who,ok,yes,pregnancy,,,,,
1,safety: reference-only or pregnancy flag,BL32,Ciliao (Second Bone Hole),https://ease-murex.vercel.app/point/bl32,"On the sacrum, in the small dent level with the dimple above the buttock, about halfway between that dimple (the bony bump of the hip) and the spine line.",who,ok,yes,pregnancy,,,,,
1,safety: reference-only or pregnancy flag,BL33,Zhongliao (Middle Bone Hole),https://ease-murex.vercel.app/point/bl33,"On the sacrum, in the third small dent from the top, about one thumb-width below the level of the dimples, between the midline and the dimple line.",who,ok,yes,pregnancy,,,,,
1,safety: reference-only or pregnancy flag,BL34,Xialiao (Lower Bone Hole),https://ease-murex.vercel.app/point/bl34,"On the lowest part of the sacrum, in the fourth small dent from the top, near the start of the buttock crease, between the midline and the dimple line.",who,ok,yes,pregnancy,,,,,
1,safety: reference-only or pregnancy flag,BL35,Huiyang (Meeting of Yang),https://ease-murex.vercel.app/point/bl35,"Right beside the very tip of the tailbone, in the soft hollow about half a thumb-width to the side of the buttock cleft.",who,avoid,yes,pregnancy,,,,,
1,safety: reference-only or pregnancy flag,BL53,Baohuang (Bladder Huang),https://ease-murex.vercel.app/point/bl53,"On the upper buttock, about four finger-widths out from the central ridge of the tailbone area, level with the second hollow in the sacrum.",who,ok,yes,pregnancy,,,,,
1,safety: reference-only or pregnancy flag,BL54,Zhibian (Sequential Limit),https://ease-murex.vercel.app/point/bl54,"On the buttock, about four finger-widths out from the notch just above the buttock cleft, level with the lowest hollow of the sacrum.",who,ok,yes,pregnancy,,,,,
1,safety: reference-only or pregnancy flag,BL60,Kunlun (Kunlun Mountains),https://ease-murex.vercel.app/point/bl60,"On the outer ankle, in the hollow between the bump of the outer ankle bone and the Achilles tendon.",who,ok,yes,pregnancy,,,,,
1,safety: reference-only or pregnancy flag,BL67,Zhiyin (Reaching Yin),https://ease-murex.vercel.app/point/bl67,"On the little toe, at the outer side of the nail, a hair's breadth behind the corner of the toenail.",who,ok,yes,pregnancy,,,,,
1,safety: reference-only or pregnancy flag,CV1,Huiyin (Meeting of Yin),https://ease-murex.vercel.app/point/cv1,"In the soft area between the anus and the genitals, at the midpoint.",who,avoid,no,,,,,,
1,safety: reference-only or pregnancy flag,CV2,Qugu (Curved Bone),https://ease-murex.vercel.app/point/cv2,"On the lower belly, on the midline, just above the top edge of the pubic bone.",who,ok,yes,pregnancy,,,,,
1,safety: reference-only or pregnancy flag,CV3,Zhongji (Central Pole),https://ease-murex.vercel.app/point/cv3,"On the lower belly, on the midline, about four thumb-widths below the navel.",who,ok,yes,pregnancy,,,,,
1,safety: reference-only or pregnancy flag,CV4,Guanyuan (Gate of Origin),https://ease-murex.vercel.app/point/cv4,"On the lower belly, on the midline, about three thumb-widths (four finger-widths) below the navel.",who,ok,yes,pregnancy,,,,,
1,safety: reference-only or pregnancy flag,CV5,Shimen (Stone Gate),https://ease-murex.vercel.app/point/cv5,"On the lower belly, on the midline, about two thumb-widths below the navel.",who,ok,yes,pregnancy,,,,,
1,safety: reference-only or pregnancy flag,CV6,Qihai (Sea of Qi),https://ease-murex.vercel.app/point/cv6,"On the lower belly, on the midline, about one and a half thumb-widths (two finger-widths) below the navel.",who,ok,yes,pregnancy,,,,,
1,safety: reference-only or pregnancy flag,CV7,Yinjiao (Yin Intersection),https://ease-murex.vercel.app/point/cv7,"On the lower belly, on the midline, about one thumb-width below the navel.",who,ok,yes,pregnancy,,,,,
1,safety: reference-only or pregnancy flag,CV8,Shenque (Spirit Gate Tower),https://ease-murex.vercel.app/point/cv8,"In the centre of the navel, inside the belly button.",who,avoid,no,,,,,,
1,safety: reference-only or pregnancy flag,EX-B8,Shiqizhuixia (Below the 17th Vertebra),https://ease-murex.vercel.app/point/ex-b8,"On the middle line of the low back, in the small hollow just below the last bony bump of the low back, where it meets the sacrum.",refs,ok,yes,pregnancy,,,,,
1,safety: reference-only or pregnancy flag,EX-B9,Yaoqi (Extraordinary Lumbar Point),https://ease-murex.vercel.app/point/ex-b9,"On the middle line of the lower back, on the flat triangular bone at the base of the spine (the sacrum), three finger-widths above the tip of the tailbone, in the small dip there.",disputed,ok,yes,pregnancy,References differ on the height. This follows the version two thumb-widths above the tip of the tailbone.,,,,
1,safety: reference-only or pregnancy flag,EX-CA1,Zigong (Uterus),https://ease-murex.vercel.app/point/ex-ca1,"On the lower belly: one hand-width plus one thumb-width below the navel, then one hand-width (four finger-widths) out to the side.",refs,ok,yes,pregnancy,,,,,
1,safety: reference-only or pregnancy flag,EX-HN10,Juquan (Gathering Spring),https://ease-murex.vercel.app/point/ex-hn10,"In the mouth, on the middle of the tongue top when the tongue is stuck fully out.",refs,avoid,no,,,,,,
1,safety: reference-only or pregnancy flag,EX-HN11,Haiquan (Sea Spring),https://ease-murex.vercel.app/point/ex-hn11,"In the mouth, under the tongue, in the middle of the fold of skin holding the tongue down.",refs,avoid,no,,,,,,
1,safety: reference-only or pregnancy flag,EX-HN12,Jinjin (Golden Fluid),https://ease-murex.vercel.app/point/ex-hn12,"In the mouth, under the left side of the tongue, on the vein beside the central fold of skin.",refs,avoid,no,,,,,,
1,safety: reference-only or pregnancy flag,EX-HN13,Yuye (Jade Fluid),https://ease-murex.vercel.app/point/ex-hn13,"In the mouth, under the right side of the tongue, on the vein beside the central fold of skin.",refs,avoid,no,,,,,,
1,safety: reference-only or pregnancy flag,EX-HN7,Qiuhou (Behind the Ball),https://ease-murex.vercel.app/point/ex-hn7,"On the lower rim of the eye socket, about one quarter of the way in from the outer corner of the eye.",refs,avoid,no,eye,,,,,
1,safety: reference-only or pregnancy flag,EX-HN9,Neiyingxiang (Inner Welcome Fragrance),https://ease-murex.vercel.app/point/ex-hn9,"Inside the nostril, high up, where the nose meets the upper lining.",refs,avoid,no,,,,,,
1,safety: reference-only or pregnancy flag,EX-LE11,Duyin (Solitary Yin),https://ease-murex.vercel.app/point/ex-le11,"On the underside of the second toe, in the middle of the crease at the joint nearest the toenail.",refs,ok,yes,pregnancy,,,,,
1,safety: reference-only or pregnancy flag,GB21,Jianjing (Shoulder Well),https://ease-murex.vercel.app/point/gb21,"On top of the shoulder, halfway between the bump at the base of the neck and the outer tip of the shoulder, on the thick muscle you can squeeze.",who,ok,yes,pregnancy,,,,,
1,safety: reference-only or pregnancy flag,GB27,Wushu (Fifth Pivot),https://ease-murex.vercel.app/point/gb27,"On the side of the lower belly, just inside the front point of the hip bone, level with a spot four finger-widths below the belly button.",who,ok,yes,pregnancy,,,,,
1,safety: reference-only or pregnancy flag,GB28,Weidao (Linking Path),https://ease-murex.vercel.app/point/gb28,"On the lower belly, a half thumb-width below and slightly toward the middle from the front point of the hip bone.",who,ok,yes,pregnancy,,,,,
1,safety: reference-only or pregnancy flag,GV1,Changqiang (Long Strong),https://ease-murex.vercel.app/point/gv1,"Between the tip of the tailbone and the anus, in the perineal area.",who,avoid,no,,,,,,
1,safety: reference-only or pregnancy flag,GV2,Yaoshu (Lumbar Shu),https://ease-murex.vercel.app/point/gv2,"At the very bottom of the spine, in the small dip just above where the buttock crease begins, on the midline.",who,ok,yes,pregnancy,,,,,
1,safety: reference-only or pregnancy flag,GV28,Yinjiao (Gum Intersection),https://ease-murex.vercel.app/point/gv28,"Inside the mouth, where the small fold of skin joining the upper lip meets the upper gum, on the midline.",who,avoid,no,,,,,,
1,safety: reference-only or pregnancy flag,HT1,Jiquan (Highest Spring),https://ease-murex.vercel.app/point/ht1,"In the center of the armpit hollow, directly over the artery and nerves.",who,avoid,no,,,,,,
1,safety: reference-only or pregnancy flag,KI11,Henggu (Pubic Bone),https://ease-murex.vercel.app/point/ki11,"On the lowest part of the belly just above the pubic bone, about half a thumb-width to the side of the midline.",who,avoid,yes,pregnancy,,,,,
1,safety: reference-only or pregnancy flag,KI12,Dahe (Great Manifestation),https://ease-murex.vercel.app/point/ki12,"On the lower belly, about four thumb-widths below the navel, half a thumb-width to the side of the midline.",who,ok,yes,pregnancy,,,,,
1,safety: reference-only or pregnancy flag,KI13,Qixue (Qi Point),https://ease-murex.vercel.app/point/ki13,"On the lower belly, about four finger-widths below the navel, half a thumb-width to the side of the midline.",who,ok,yes,pregnancy,,,,,
1,safety: reference-only or pregnancy flag,KI14,Siman (Fourfold Fullness),https://ease-murex.vercel.app/point/ki14,"On the lower belly, about three finger-widths below the navel, half a thumb-width to the side of the midline.",who,ok,yes,pregnancy,,,,,
1,safety: reference-only or pregnancy flag,KI15,Zhongzhu (Middle Flow),https://ease-murex.vercel.app/point/ki15,"On the lower belly, about one thumb-width below the navel, half a thumb-width to the side of the midline.",who,ok,yes,pregnancy,,,,,
1,safety: reference-only or pregnancy flag,LI4,Hegu (Joining Valley),https://ease-murex.vercel.app/point/li4,"On the back of the hand, on the thumb side of the index-finger hand bone, about halfway along it, in the fleshy web between thumb and index finger.",who,ok,yes,pregnancy,,,,,
1,safety: reference-only or pregnancy flag,LR12,Jimai (Urgent Pulse),https://ease-murex.vercel.app/point/lr12,"In the groin crease, level with the top of the pubic bone and about two and a half thumb-widths out from the midline, where you may feel the groin pulse nearby; press beside the pulse, not on it.",who,gentle,yes,pregnancy pulse,,,,,
1,safety: reference-only or pregnancy flag,SI7,Zhizheng (Branch of the Upright),https://ease-murex.vercel.app/point/si7,"On the little-finger side of the back of the forearm, about six to seven finger-widths above the wrist, along the edge of the forearm bone.",who,ok,yes,pregnancy,,,,,
1,safety: reference-only or pregnancy flag,SP12,Chongmen (Surging Gate),https://ease-murex.vercel.app/point/sp12,"In the fold where the thigh meets the lower belly, a little outside the pulse you can feel in the groin, level with the top of the pubic bone.",who,gentle,yes,pregnancy pulse,,,,,
1,safety: reference-only or pregnancy flag,SP13,Fushe (Abode of the Bowels),https://ease-murex.vercel.app/point/sp13,"On the lower belly, four thumb-widths (a hand-width plus a thumb-width) out from the midline, a little above the crease where the thigh meets the pelvis.",who,ok,yes,pregnancy,,,,,
1,safety: reference-only or pregnancy flag,SP14,Fujie (Abdominal Knot),https://ease-murex.vercel.app/point/sp14,"On the lower belly, a little more than a thumb-width below the level of the navel and four thumb-widths (a hand-width plus a thumb-width) out to the side.",who,ok,yes,pregnancy,,,,,
1,safety: reference-only or pregnancy flag,SP6,Sanyinjiao (Three Yin Intersection),https://ease-murex.vercel.app/point/sp6,"On the inside of the lower leg, about four finger-widths above the tip of the inner ankle bone, just behind the edge of the shin bone.",who,ok,yes,pregnancy,,,,,
1,safety: reference-only or pregnancy flag,ST1,Chengqi (Container of Tears),https://ease-murex.vercel.app/point/st1,"On the face, straight below the pupil when looking ahead, right on the edge of the lower eye socket, at the point where the eyeball sits just above.",who,avoid,no,eye,,,,,
1,safety: reference-only or pregnancy flag,ST17,Ruzhong (Middle of the Breast),https://ease-murex.vercel.app/point/st17,"At the centre of the nipple. It is used only as a measuring landmark for the chest and abdomen, not as a treatment point.",who,avoid,no,,,,,,
1,safety: reference-only or pregnancy flag,ST25,Tianshu (Celestial Pivot),https://ease-murex.vercel.app/point/st25,"On the belly, level with the navel and two thumb-widths out to the side of it.",who,ok,yes,pregnancy,,,,,
1,safety: reference-only or pregnancy flag,ST26,Wailing (Outer Mound),https://ease-murex.vercel.app/point/st26,"On the lower belly, one thumb-width below the navel and two thumb-widths out to the side of the midline.",who,ok,yes,pregnancy,,,,,
1,safety: reference-only or pregnancy flag,ST27,Daju (Great Gigantic),https://ease-murex.vercel.app/point/st27,"On the lower belly, two thumb-widths below the navel and two thumb-widths out to the side of the midline.",who,ok,yes,pregnancy,,,,,
1,safety: reference-only or pregnancy flag,ST28,Shuidao (Waterway),https://ease-murex.vercel.app/point/st28,"On the lower belly, three thumb-widths below the navel and two thumb-widths out to the side of the midline.",who,ok,yes,pregnancy,,,,,
1,safety: reference-only or pregnancy flag,ST29,Guilai (Return),https://ease-murex.vercel.app/point/st29,"On the lower belly, four thumb-widths below the navel and two thumb-widths out to the side of the midline, just above the pubic bone.",who,ok,yes,pregnancy,,,,,
1,safety: reference-only or pregnancy flag,ST30,Qichong (Rushing Qi),https://ease-murex.vercel.app/point/st30,"In the crease where the lower belly meets the thigh, level with the top of the pubic bone and two thumb-widths out from the midline. Feel for the pulse and press beside it.",who,gentle,yes,pregnancy pulse,,,,,
1,safety: reference-only or pregnancy flag,ST9,Renying (Man's Welcome),https://ease-murex.vercel.app/point/st9,"On the front of the neck beside the Adam's apple, just in front of the large neck muscle, right where you feel the pulse of the carotid artery.",who,avoid,no,pulse,,,,,
2,references disagree on location,EX-UE7,Yaotongdian (Low Back Pain Point),https://ease-murex.vercel.app/point/ex-ue7,"On the back of the hand, two points: one between the index and middle finger bones and one between the ring and little finger bones, about halfway from wrist to knuckles.",disputed,ok,no,,References differ on whether these sit midway between wrist and knuckles or nearer the wrist. This follows the midway version.,,,,
2,references disagree on location,GB16,Muchuang (Eye Window),https://ease-murex.vercel.app/point/gb16,"On the scalp, straight above the pupil, about two finger-widths back from the front hairline.",disputed,ok,no,,Older references place this a little further back from the hairline. This follows the WHO 2008 measurement.,,,,
2,references disagree on location,GB17,Zhengying (Upright Nutrition),https://ease-murex.vercel.app/point/gb17,"On the scalp straight above the pupil, about two and a half thumb-widths (three to four finger-widths) back from the front hairline.",disputed,ok,no,,Older references place this a little further back from the hairline. This follows the WHO 2008 measurement.,,,,
2,references disagree on location,GB18,Chengling (Support Spirit),https://ease-murex.vercel.app/point/gb18,"On the scalp, straight above the pupil, about four thumb-widths back from the front hairline.",disputed,ok,no,,Older references place this a little further back from the hairline. This follows the WHO 2008 measurement.,,,,
2,references disagree on location,GB23,Zhejin (Sinew Seat),https://ease-murex.vercel.app/point/gb23,"On the side of the chest, a thumb-width in front of the midline of the armpit, in the groove between the ribs about level with the nipple.",disputed,ok,no,,WHO places this in the 4th rib gap; some references use the 5th.,,,,
2,references disagree on location,GB31,Fengshi (Wind Market),https://ease-murex.vercel.app/point/gb31,"On the outer thigh, where the tip of your middle finger lands when you stand with your arms hanging straight down.",disputed,ok,no,,WHO describes this only as where your middle fingertip rests with your arms by your sides. Some references give a fixed seven thumb-widths above the knee crease.,,,,
2,references disagree on location,GB32,Zhongdu (Central River),https://ease-murex.vercel.app/point/gb32,"On the outer thigh, about seven thumb-widths (a little over two hand-widths) above the outer end of the back-of-knee crease, just behind the thick band along the outer thigh.",disputed,ok,no,,WHO places this seven thumb-widths above the knee crease; some older references give five.,,,,
2,references disagree on location,GV26,Shuigou (Water Trough),https://ease-murex.vercel.app/point/gv26,"On the midline of the upper lip, in the vertical groove under the nose, around its middle or a little nearer the nose.",disputed,gentle,no,,WHO places this in the middle of the groove under the nose; many references use the spot one third of the way down. Either is fine.,,,,
3,shown first in a symptom routine,ANMIAN,Anmian (Peaceful Sleep),https://ease-murex.vercel.app/point/anmian,"Behind the ear: find the soft hollow just behind the earlobe and the hollow under the base of the skull at the side of the neck. The point is halfway between them, just behind the bony bump behind the ear. Press lightly.",refs,gentle,no,,,,,,
3,shown first in a symptom routine,BL40,Weizhong (Middle of the Crook),https://ease-murex.vercel.app/point/bl40,"At the center of the crease behind the knee, in the middle of the hollow, with the leg relaxed.",who,gentle,no,pulse,,,,,
3,shown first in a symptom routine,BL57,Chengshan (Mountain Support),https://ease-murex.vercel.app/point/bl57,"On the back of the calf, in the V-shaped notch where the two calf-muscle bulges taper into the Achilles tendon; rise onto your toes to see it.",who,ok,no,,,,,,
3,shown first in a symptom routine,EX-HN15,Jingbailao (Neck Hundred Taxations),https://ease-murex.vercel.app/point/ex-hn15,"On the back of the neck: find the hollow just below the big bump at the base of the neck, go two thumb-widths straight up, then one thumb-width out to the side.",refs,ok,no,,,,,,
3,shown first in a symptom routine,EX-HN3,Yintang (Hall of Impression),https://ease-murex.vercel.app/point/ex-hn3,"On the forehead, in the flat spot exactly halfway between the inner ends of your eyebrows.",refs,gentle,no,,,,,,
3,shown first in a symptom routine,EX-HN5,Taiyang (Sun / Supreme Yang),https://ease-murex.vercel.app/point/ex-hn5,"In the soft hollow of the temple, about one thumb-width behind the middle of the line from the outer end of the eyebrow to the outer corner of the eye.",refs,gentle,no,,,,,,
3,shown first in a symptom routine,EX-UE8,Wailaogong (Luozhen) (Outer Palace of Toil / Stiff Neck Point),https://ease-murex.vercel.app/point/ex-ue8,"On the back of the hand, in the tender hollow between the index and middle finger bones, about half a thumb-width behind the knuckles.",refs,ok,no,,,,,,
3,shown first in a symptom routine,GB20,Fengchi (Wind Pool),https://ease-murex.vercel.app/point/gb20,"At the base of the skull, in the hollow between the two thick neck cords at the back and the muscle that runs up behind the ear, below the ridge of the skull.",who,ok,no,,,,,,
3,shown first in a symptom routine,HT7,Shenmen (Spirit Gate),https://ease-murex.vercel.app/point/ht7,"On the palm side of the wrist, in the small hollow on the little-finger side of the crease, just beside the tendon and the small bone there.",who,ok,no,pulse,,,,,
3,shown first in a symptom routine,KI1,Yongquan (Gushing Spring),https://ease-murex.vercel.app/point/ki1,"On the sole, in the dip that appears when you curl your toes, about a third of the way from the base of the toes to the heel.",who,ok,no,,,,,,
3,shown first in a symptom routine,LI11,Quchi (Pool at the Bend),https://ease-murex.vercel.app/point/li11,"With the elbow bent, at the outer end of the elbow crease, in the dip on the thumb side just before the bony knob.",who,ok,no,,,,,,
3,shown first in a symptom routine,LR3,Taichong (Great Rushing),https://ease-murex.vercel.app/point/lr3,"On the top of the foot, in the hollow between the big-toe and second-toe bones, just toe-side of where they join; you can feel the foot pulse here.",who,gentle,no,pulse,,,,,
3,shown first in a symptom routine,LU7,Lieque (Broken Sequence),https://ease-murex.vercel.app/point/lu7,"On the thumb side of the forearm, about two finger-widths above the wrist crease, in the groove next to the bony bump at the wrist.",who,ok,no,,,,,,
3,shown first in a symptom routine,PC6,Neiguan (Inner Pass),https://ease-murex.vercel.app/point/pc6,"On the inner forearm, between the two central tendons, about three finger-widths above the wrist crease. Make a fist to see the tendons.",who,ok,no,,,,,,
3,shown first in a symptom routine,SI3,Houxi (Back Ravine),https://ease-murex.vercel.app/point/si3,"On the outer edge of the hand, in the dip just behind the little-finger knuckle. Make a loose fist and look for the end of the crease below the little finger.",who,ok,no,,,,,,
3,shown first in a symptom routine,SI4,Wangu (Wrist Bone),https://ease-murex.vercel.app/point/si4,"On the outer edge of the hand, in the soft dip at the wrist end of the bone that leads to the little finger, just before the wrist bone.",who,ok,no,,,,,,
3,shown first in a symptom routine,ST36,Zusanli (Leg Three Miles),https://ease-murex.vercel.app/point/st36,"On the front of the lower leg, about four finger-widths below the kneecap's lower edge and one finger-width outside the shin bone, in the muscle.",who,ok,no,,,,,,
4,extra point (no WHO 2008 location),EX-B1,Dingchuan (Calm Wheezing),https://ease-murex.vercel.app/point/ex-b1,"On the upper back, just beside the spine at the base of the bony bump at the bottom of the neck, about half a thumb-width out to the side.",refs,ok,no,,,,,,
4,extra point (no WHO 2008 location),EX-B2,Jiaji (Huatuojiaji) (Huatuo Paravertebral Points),https://ease-murex.vercel.app/point/ex-b2,"A row of points on each side of the spine, from the top of the upper back down to the low back, each about half a thumb-width out from the bony bumps of the spine.",refs,ok,no,,,,,,
4,extra point (no WHO 2008 location),EX-B3,Weiwanxiashu (Lower Stomach Back Point),https://ease-murex.vercel.app/point/ex-b3,"On the mid-back: find the spine bump level with the bottom tips of the shoulder blades, go one bump lower, then two finger-widths out to the side, level with the gap just below that bump.",refs,ok,no,,,,,,
4,extra point (no WHO 2008 location),EX-B4,Pigen (Root of Mass),https://ease-murex.vercel.app/point/ex-b4,"On the low back: find the first bump of the low back (three bumps above the one level with the hip-bone tops), then go one hand-width plus half a thumb-width out to the side, level with the gap just below it.",refs,ok,no,,,,,,
4,extra point (no WHO 2008 location),EX-B5,Xiajishu (Lower Extremity Shu),https://ease-murex.vercel.app/point/ex-b5,"On the low back, in the middle line of the spine, just under the third bony bump of the low back.",refs,ok,no,,,,,,
4,extra point (no WHO 2008 location),EX-B6,Yaoyi (Lumbar Suitability),https://ease-murex.vercel.app/point/ex-b6,"On the low back: find the spine bump level with the tops of the hip bones, then go one hand-width (four finger-widths) out to the side, level with the gap just below it.",refs,ok,no,,,,,,
4,extra point (no WHO 2008 location),EX-B7,Yaoyan (Lumbar Eye),https://ease-murex.vercel.app/point/ex-b7,"On the low back, in the dimple one hand-width plus half a thumb-width out from the spine, level with the gap below the spine bump that lines up with the tops of the hip bones.",refs,ok,no,,,,,,
4,extra point (no WHO 2008 location),EX-HN1,Sishencong (Four Alert Spirit),https://ease-murex.vercel.app/point/ex-hn1,"On the top of the head, a set of four spots: one thumb-width in front of, behind, and to each side of the very top of the head.",refs,ok,no,,,,,,
4,extra point (no WHO 2008 location),EX-HN14,Yiming (Eye Brightening),https://ease-murex.vercel.app/point/ex-hn14,"Behind the ear, on the back edge of the bony bump behind the ear, about one thumb-width behind the soft hollow below the earlobe.",refs,ok,no,,,,,,
4,extra point (no WHO 2008 location),EX-HN2,Dangyang (Facing Yang),https://ease-murex.vercel.app/point/ex-hn2,"On the front of the scalp, straight up from the pupil when you look ahead, one thumb-width back from the front hairline.",refs,gentle,no,,,,,,
4,extra point (no WHO 2008 location),EX-HN4,Yuyao (Fish Waist),https://ease-murex.vercel.app/point/ex-hn4,"On the eyebrow, at its middle, directly above the pupil when you look straight ahead. Stay on the brow bone.",refs,gentle,no,eye,,,,,
4,extra point (no WHO 2008 location),EX-HN6,Erjian (Ear Apex),https://ease-murex.vercel.app/point/ex-hn6,At the very top of the ear. Fold the ear forward and it is at the tip of the fold.,refs,gentle,no,,,,,,
4,extra point (no WHO 2008 location),EX-HN8,Shangyingxiang (Upper Welcome Fragrance (Bitong)),https://ease-murex.vercel.app/point/ex-hn8,"On the face, at the top end of the groove running from the side of the nostril, where the nose cartilage meets the bone.",refs,gentle,no,,,,,,
4,extra point (no WHO 2008 location),EX-LE1,Kuangu (Hip Bone),https://ease-murex.vercel.app/point/ex-le1,Front of the thigh: find the spot three finger-widths above the outer top corner of the kneecap. The two points sit two finger-widths to the outside and two finger-widths to the inside of that spot.,refs,ok,no,,,,,,
4,extra point (no WHO 2008 location),EX-LE10,Bafeng (Eight Winds),https://ease-murex.vercel.app/point/ex-le10,"On the top of the foot, in the four hollows between neighbouring toes, just behind the toe webs. Four points on each foot.",refs,ok,no,,,,,,
4,extra point (no WHO 2008 location),EX-LE12,Qiduan (End of Qi),https://ease-murex.vercel.app/point/ex-le12,"At the tip of each of the ten toes, just beyond the nail edge. Press with the edge of a fingernail.",refs,ok,no,,,,,,
4,extra point (no WHO 2008 location),EX-LE2,Heding (Crane's Top),https://ease-murex.vercel.app/point/ex-le2,"Just above the kneecap, in the small hollow at the middle of its upper edge.",refs,ok,no,,,,,,
4,extra point (no WHO 2008 location),EX-LE3,Baichongwo (Hundred Insects Burrow),https://ease-murex.vercel.app/point/ex-le3,"Inner front of the thigh: one hand-width (four finger-widths) straight up from the inner top corner of the kneecap, on the bulge of the inner thigh muscle.",refs,ok,no,,,,,,
4,extra point (no WHO 2008 location),EX-LE4,Neixiyan (Inner Knee Eye),https://ease-murex.vercel.app/point/ex-le4,"With the knee bent, in the soft dip just below the kneecap on the inner side of the thick tendon.",refs,ok,no,,,,,,
4,extra point (no WHO 2008 location),EX-LE5,Xiyan (Eyes of the Knee),https://ease-murex.vercel.app/point/ex-le5,"With the knee bent, in the two soft dips just below the kneecap, one on each side of the thick tendon. The inner dip is Neixiyan.",refs,ok,no,,,,,,
4,extra point (no WHO 2008 location),EX-LE6,Dannang (Gallbladder Point),https://ease-murex.vercel.app/point/ex-le6,Outer side of the lower leg: find the bony knob below the outer knee and the hollow just below and in front of it. Go three finger-widths further down from that hollow and press for the tender spot.,refs,ok,no,,,,,,
4,extra point (no WHO 2008 location),EX-LE7,Lanwei (Appendix Point),https://ease-murex.vercel.app/point/ex-le7,"Front of the lower leg: one hand-width plus three finger-widths below the bottom of the kneecap, one finger-width outside the shin bone. Press for the tender spot.",refs,ok,no,,,,,,
4,extra point (no WHO 2008 location),EX-LE8,Neihuaijian (Inner Ankle Tip),https://ease-murex.vercel.app/point/ex-le8,"On the inner side of the ankle, at the very top of the rounded bony bump.",refs,ok,no,,,,,,
4,extra point (no WHO 2008 location),EX-LE9,Waihuaijian (Outer Ankle Tip),https://ease-murex.vercel.app/point/ex-le9,"On the outer side of the ankle, at the very top of the rounded bony bump.",refs,ok,no,,,,,,
4,extra point (no WHO 2008 location),EX-UE1,Zhoujian (Elbow Tip),https://ease-murex.vercel.app/point/ex-ue1,"On the back of the elbow, at the very tip of the pointed bone that sticks out when you bend your arm.",refs,ok,no,,,,,,
4,extra point (no WHO 2008 location),EX-UE10,Sifeng (Four Seams),https://ease-murex.vercel.app/point/ex-ue10,"On the palm side of the index, middle, ring and little fingers, at the centre of the middle crease of each finger (the joint halfway along). Four points on each hand.",refs,ok,no,,,,,,
4,extra point (no WHO 2008 location),EX-UE11,Shixuan (Ten Diffusions),https://ease-murex.vercel.app/point/ex-ue11,"At the very tip of each of the ten fingers, just beyond the nail edge. Press with the edge of a fingernail on each tip.",refs,ok,no,,,,,,
4,extra point (no WHO 2008 location),EX-UE2,Erbai (Two Whites),https://ease-murex.vercel.app/point/ex-ue2,"Inner forearm, a hand-width plus a thumb-width above the wrist crease. Two spots, one on each side of the tendon on the thumb side (it pops up when you bend the wrist toward the thumb).",refs,ok,no,,,,,,
4,extra point (no WHO 2008 location),EX-UE3,Zhongquan (Middle Spring),https://ease-murex.vercel.app/point/ex-ue3,"On the back of the wrist, in the hollow along the wrist crease just on the thumb side of the main finger-straightening tendon.",refs,ok,no,,,,,,
4,extra point (no WHO 2008 location),EX-UE4,Zhongkui (Middle Finger Eminence),https://ease-murex.vercel.app/point/ex-ue4,"On the back of the middle finger, at the centre of the middle joint (the knuckle halfway along the finger). Bend the finger slightly; it is at the top of the bent joint.",refs,ok,no,,,,,,
4,extra point (no WHO 2008 location),EX-UE5,Dagukong (Large Bone Hollow),https://ease-murex.vercel.app/point/ex-ue5,"On the back of the thumb, in the middle of the crease at the thumb's only knuckle joint.",refs,ok,no,,,,,,
4,extra point (no WHO 2008 location),EX-UE6,Xiaogukong (Small Bone Hollow),https://ease-murex.vercel.app/point/ex-ue6,"On the back of the little finger, at the centre of the middle joint (the knuckle halfway along the finger).",refs,ok,no,,,,,,
4,extra point (no WHO 2008 location),EX-UE9,Baxie (Eight Pathogens),https://ease-murex.vercel.app/point/ex-ue9,"On the back of the hand, in the four hollows between the knuckles of neighbouring fingers, just behind the finger webs. Four points on each hand.",refs,ok,no,,,,,,
4,extra point (no WHO 2008 location),Ear zone,Low back (ear) (Lumbosacral zone of the ear),https://ease-murex.vercel.app/point/ear_low_back_zone,"On the ear, along the raised inner ridge (not the outer rim), in its upper part, roughly a third of the way down from the top.",va,gentle,no,,,,,,
5,standard point,BL1,Jingming (Bright Eyes),https://ease-murex.vercel.app/point/bl1,"On the face, in the small dip just above and inside the inner corner of the eye, against the side of the nose bridge. Use very light pressure and keep the fingertip on the bone, not the eye.",who,gentle,no,eye,,,,,
5,standard point,BL10,Tianzhu (Heavenly Pillar),https://ease-murex.vercel.app/point/bl10,"On the back of the neck, just below the skull, in the hollow on the outer side of the thick vertical neck muscle, a thumb-width out from the midline.",who,ok,no,,,,,,
5,standard point,BL11,Dazhu (Great Shuttle),https://ease-murex.vercel.app/point/bl11,"On the upper back. Find the big bump at the base of the neck, go down one more bump, then two finger-widths out from the spine, level with the lower edge of that second bump.",who,ok,no,,,,,,
5,standard point,BL12,Fengmen (Wind Gate),https://ease-murex.vercel.app/point/bl12,"On the upper back, two finger-widths out from the spine, level with the second bump below the big bump at the base of the neck.",who,ok,no,,,,,,
5,standard point,BL13,Feishu (Lung Shu),https://ease-murex.vercel.app/point/bl13,"On the upper back, about two finger-widths out from the spine, level with the line across the inner ends of the shoulder blade ridges.",who,ok,no,,,,,,
5,standard point,BL14,Jueyinshu (Pericardium Shu),https://ease-murex.vercel.app/point/bl14,"Between the shoulder blades, two finger-widths out from the spine, one bump below the level of the inner ends of the shoulder-blade ridges.",who,ok,no,,,,,,
5,standard point,BL15,Xinshu (Heart Shu),https://ease-murex.vercel.app/point/bl15,"Between the shoulder blades, two finger-widths out from the spine, two bumps below the level of the inner ends of the shoulder-blade ridges.",who,ok,no,,,,,,
5,standard point,BL16,Dushu (Governor Shu),https://ease-murex.vercel.app/point/bl16,"On the mid-back, two finger-widths out from the spine, one bump above the level of the bottom tips of the shoulder blades.",who,ok,no,,,,,,
5,standard point,BL17,Geshu (Diaphragm Shu),https://ease-murex.vercel.app/point/bl17,"On the mid-back, about two finger-widths out from the spine, level with the bottom tip of the shoulder blade.",who,ok,no,,,,,,
5,standard point,BL18,Ganshu (Liver Shu),https://ease-murex.vercel.app/point/bl18,"On the mid-back, about two finger-widths out from the spine, two bone-bumps below the level of the bottom tips of the shoulder blades.",who,ok,no,,,,,,
5,standard point,BL19,Danshu (Gallbladder Shu),https://ease-murex.vercel.app/point/bl19,"On the mid-back, two finger-widths out from the spine, three bumps below the level of the bottom tips of the shoulder blades.",who,ok,no,,,,,,
5,standard point,BL2,Cuanzhu (Gathered Bamboo),https://ease-murex.vercel.app/point/bl2,"At the inner end of the eyebrow, in the small notch you can feel on the bone, straight above the inner corner of the eye.",who,gentle,no,eye,,,,,
5,standard point,BL20,Pishu (Spleen Shu),https://ease-murex.vercel.app/point/bl20,"On the mid-back, two finger-widths out from the spine, one bump above the last bone that carries a rib.",who,ok,no,,,,,,
5,standard point,BL21,Weishu (Stomach Shu),https://ease-murex.vercel.app/point/bl21,"On the mid-back, about two finger-widths out from the spine, level with the last rib-bearing bone, about halfway between the shoulder blades and hips.",who,ok,no,,,,,,
5,standard point,BL22,Sanjiaoshu (Triple Burner Shu),https://ease-murex.vercel.app/point/bl22,"On the lower back, two finger-widths out from the spine, level with the first bump below the last rib-bearing bone.",who,ok,no,,,,,,
5,standard point,BL23,Shenshu (Kidney Transporter),https://ease-murex.vercel.app/point/bl23,"On the low back, two finger-widths out from the spine, level with the waist. It sits about halfway between the lowest rib and the top of the hip bone.",who,ok,no,,,,,,
5,standard point,BL24,Qihaishu (Sea of Qi Shu),https://ease-murex.vercel.app/point/bl24,"On the low back, two finger-widths out from the spine, one bump above the level of the top of the hip bones.",who,ok,no,,,,,,
5,standard point,BL25,Dachangshu (Large Intestine Shu),https://ease-murex.vercel.app/point/bl25,"On the low back, two finger-widths out from the spine, at the height of the top of the hip bones, where a belt line would cross.",who,ok,no,,,,,,
5,standard point,BL26,Guanyuanshu (Gate of Origin Shu),https://ease-murex.vercel.app/point/bl26,"On the low back, two finger-widths out from the spine, one bump below the level of the top of the hip bones, just above the flat bone at the base of the spine.",who,ok,no,,,,,,
5,standard point,BL3,Meichong (Eyebrow Ascent),https://ease-murex.vercel.app/point/bl3,"On the forehead, straight up from the inner end of the eyebrow, about half a thumb-width inside the hairline.",who,gentle,no,,,,,,
5,standard point,BL36,Chengfu (Hold and Support),https://ease-murex.vercel.app/point/bl36,At the very middle of the crease where the buttock meets the back of the thigh.,who,ok,no,,,,,,
5,standard point,BL37,Yinmen (Gate of Abundance),https://ease-murex.vercel.app/point/bl37,"On the back of the thigh, in the groove between the two hamstring muscles, a little above halfway down from the buttock crease to the knee crease (about two hand-widths below the buttock crease).",who,ok,no,,,,,,
5,standard point,BL38,Fuxi (Floating Cleft),https://ease-murex.vercel.app/point/bl38,"On the back of the thigh just above the knee crease, on the inner side of the outer hamstring tendon, about one thumb-width above the crease.",who,ok,no,,,,,,
5,standard point,BL39,Weiyang (Bend Yang),https://ease-murex.vercel.app/point/bl39,"At the outer end of the crease behind the knee, in the dent just inside the tight outer hamstring tendon.",who,ok,no,,,,,,
5,standard point,BL4,Qucha (Deviating Turn),https://ease-murex.vercel.app/point/bl4,"At the front hairline, about two finger-widths out from the middle of the forehead hairline, half a thumb-width up into the hair.",who,gentle,no,,,,,,
5,standard point,BL41,Fufen (Attached Branch),https://ease-murex.vercel.app/point/bl41,"On the upper back, four finger-widths out from the spine, level with the top of the shoulder blade's inner edge. Reach across the body to find it, along the inner border of the shoulder blade.",who,ok,no,,,,,,
5,standard point,BL42,Pohu (Door of the Corporeal Soul),https://ease-murex.vercel.app/point/bl42,"On the upper back, four finger-widths out from the spine, along the inner edge of the shoulder blade, level with the inner ends of the shoulder-blade ridges.",who,ok,no,,,,,,
5,standard point,BL43,Gaohuang (Vital Region Shu),https://ease-murex.vercel.app/point/bl43,"On the upper back, four finger-widths out from the spine, on the inner edge of the shoulder blade at about its mid-height. Cross your arm over your chest to open the gap.",who,ok,no,,,,,,
5,standard point,BL44,Shentang (Spirit Hall),https://ease-murex.vercel.app/point/bl44,"On the upper back, four finger-widths out from the spine, beside the inner edge of the shoulder blade, two bumps below the level of the inner ends of the shoulder-blade ridges.",who,ok,no,,,,,,
5,standard point,BL45,Yixi (Yi Xi),https://ease-murex.vercel.app/point/bl45,"On the upper back, four finger-widths out from the spine, beside the lower inner edge of the shoulder blade, one bump above the level of its bottom tip.",who,ok,no,,,,,,
5,standard point,BL46,Geguan (Diaphragm Gate),https://ease-murex.vercel.app/point/bl46,"On the upper back, about four finger-widths out from the spine, level with the lower tips of the shoulder blades.",who,ok,no,,,,,,
5,standard point,BL47,Hunmen (Ethereal Soul Gate),https://ease-murex.vercel.app/point/bl47,"On the mid back, about four finger-widths out from the spine, two bony bumps of the spine below the level of the shoulder-blade tips.",who,ok,no,,,,,,
5,standard point,BL48,Yanggang (Yang Headquarters),https://ease-murex.vercel.app/point/bl48,"On the mid back, about four finger-widths out from the spine, three bony bumps of the spine below the level of the shoulder-blade tips.",who,ok,no,,,,,,
5,standard point,BL49,Yishe (Intention Dwelling),https://ease-murex.vercel.app/point/bl49,"On the lower part of the mid back, about four finger-widths out from the spine, four bony bumps below the level of the shoulder-blade tips.",who,ok,no,,,,,,
5,standard point,BL5,Wuchu (Fifth Place),https://ease-murex.vercel.app/point/bl5,"On the scalp, one thumb-width behind the front hairline and two finger-widths out from the midline.",who,ok,no,,,,,,
5,standard point,BL50,Weicang (Stomach Granary),https://ease-murex.vercel.app/point/bl50,"At the bottom of the ribs at the back, about four finger-widths out from the spine, level with the last rib-bearing bump of the spine.",who,ok,no,,,,,,
5,standard point,BL51,Huangmen (Vital Region Gate),https://ease-murex.vercel.app/point/bl51,"On the lower back, about four finger-widths out from the spine, at the top of the waist just below the last rib's bump.",who,ok,no,,,,,,
5,standard point,BL52,Zhishi (Will Chamber),https://ease-murex.vercel.app/point/bl52,"On the lower back, about four finger-widths out from the spine, one bony bump below the top of the waist, level with the kidneys.",who,ok,no,,,,,,
5,standard point,BL55,Heyang (Yang Convergence),https://ease-murex.vercel.app/point/bl55,"On the back of the calf, in the groove between the two calf-muscle bulges, about three finger-widths below the middle of the back-of-knee crease.",who,ok,no,,,,,,
5,standard point,BL56,Chengjin (Sinews Support),https://ease-murex.vercel.app/point/bl56,"On the back of the calf, in the thickest part of the calf muscle, about halfway between the middle of the back-of-knee crease and the V-shaped notch where the calf muscle ends.",who,ok,no,,,,,,
5,standard point,BL58,Feiyang (Taking Flight),https://ease-murex.vercel.app/point/bl58,"On the outer back of the lower leg, about a thumb-width outward and below the V-notch of the calf muscle, roughly seven thumb-widths above the outer ankle bone.",who,ok,no,,,,,,
5,standard point,BL59,Fuyang (Instep Yang),https://ease-murex.vercel.app/point/bl59,"On the outer back of the lower leg, between the thin outer leg bone and the Achilles tendon, about four finger-widths above the hollow behind the outer ankle bone.",who,ok,no,,,,,,
5,standard point,BL6,Chengguang (Receiving Light),https://ease-murex.vercel.app/point/bl6,"On the top of the scalp, about two and a half thumb-widths behind the front hairline and two finger-widths out from the midline.",who,ok,no,,,,,,
5,standard point,BL61,Pucan (Servant's Respect),https://ease-murex.vercel.app/point/bl61,"On the outer side of the heel, straight down from the hollow between the outer ankle bone and the Achilles tendon, on the side of the heel bone where darker and paler skin meet.",who,ok,no,,,,,,
5,standard point,BL62,Shenmai (Extending Vessel),https://ease-murex.vercel.app/point/bl62,"On the outer side of the foot, in the hollow just below the bottom edge of the outer ankle bone.",who,ok,no,,,,,,
5,standard point,BL63,Jinmen (Metal Gate),https://ease-murex.vercel.app/point/bl63,"On the outer edge of the foot, in front of and below the outer ankle bone, in the hollow just behind the bump on the little-toe side of the foot.",who,ok,no,,,,,,
5,standard point,BL64,Jinggu (Capital Bone),https://ease-murex.vercel.app/point/bl64,"On the outer edge of the foot, just in front of the bony bump halfway along the foot, where darker skin meets paler skin.",who,ok,no,,,,,,
5,standard point,BL65,Shugu (Restraining Bone),https://ease-murex.vercel.app/point/bl65,"On the outer edge of the foot, in the hollow just behind the knuckle of the little toe, where darker skin meets paler skin.",who,ok,no,,,,,,
5,standard point,BL66,Zutonggu (Foot Penetrating Valley),https://ease-murex.vercel.app/point/bl66,"On the outer edge of the little toe's base, in the hollow just in front of the knuckle, where darker skin meets paler skin.",who,ok,no,,,,,,
5,standard point,BL7,Tongtian (Penetrating Heaven),https://ease-murex.vercel.app/point/bl7,"On the top of the head, four thumb-widths behind the front hairline and two finger-widths out from the midline.",who,ok,no,,,,,,
5,standard point,BL8,Luoque (Declining Connection),https://ease-murex.vercel.app/point/bl8,"On the top of the head, about five and a half thumb-widths behind the front hairline, two finger-widths out from the midline and a little behind the crown.",who,ok,no,,,,,,
5,standard point,BL9,Yuzhen (Jade Pillow),https://ease-murex.vercel.app/point/bl9,"On the back of the head, about one thumb-width out from the midline, level with the top of the bony bump at the center of the skull base.",who,ok,no,,,,,,
5,standard point,Back lines,Bladder lines (low back) (Bladder channel lines of the low back),https://ease-murex.vercel.app/point/ub_low_back_lines,"Two vertical lines on each side of the lower back: an inner line about two finger-widths from the spine and an outer line about four finger-widths from it, level with the waist.",va,ok,no,,,,,,
5,standard point,CV10,Xiawan (Lower Stomach Duct),https://ease-murex.vercel.app/point/cv10,"On the upper belly, on the midline, about two thumb-widths above the navel.",who,ok,no,,,,,,
5,standard point,CV11,Jianli (Building Mile),https://ease-murex.vercel.app/point/cv11,"On the upper belly, on the midline, about three thumb-widths above the navel.",who,ok,no,,,,,,
5,standard point,CV12,Zhongwan (Middle Stomach Duct),https://ease-murex.vercel.app/point/cv12,"On the upper belly, on the midline, halfway between the navel and the point where the lower end of the breastbone meets the rib arch (not the loose tip below it), about four thumb-widths above the navel.",who,ok,no,,,,,,
5,standard point,CV13,Shangwan (Upper Stomach Cavity),https://ease-murex.vercel.app/point/cv13,"On the belly midline, about four finger-widths plus two thumb-widths above the navel, a little more than halfway from the navel up to the bottom of the breastbone.",who,ok,no,,,,,,
5,standard point,CV14,Juque (Great Palace Gate),https://ease-murex.vercel.app/point/cv14,"On the belly midline, about two thumb-widths below where the ribs meet at the bottom of the breastbone (roughly four finger-widths plus three thumb-widths above the navel).",who,ok,no,,,,,,
5,standard point,CV15,Jiuwei (Turtledove Tail),https://ease-murex.vercel.app/point/cv15,"On the midline, one thumb-width below the spot where the flat breastbone ends and its small pointed tip begins. Press lightly.",who,gentle,no,,,,,,
5,standard point,CV16,Zhongting (Central Palace),https://ease-murex.vercel.app/point/cv16,"On the midline of the chest, right at the bottom of the breastbone where it meets the soft upper belly. Use light pressure.",who,gentle,no,,,,,,
5,standard point,CV17,Danzhong (Chest Centre),https://ease-murex.vercel.app/point/cv17,"On the middle of the chest, on the breastbone, level with the space between the 4th and 5th ribs (count down from the collarbone). In many men this is nipple height.",who,gentle,no,,,,,,
5,standard point,CV18,Yutang (Jade Hall),https://ease-murex.vercel.app/point/cv18,"On the middle of the breastbone, level with the space between the 3rd and 4th ribs, about two finger-widths above the 4th-rib level of the chest centre.",who,gentle,no,,,,,,
5,standard point,CV19,Zigong (Purple Palace),https://ease-murex.vercel.app/point/cv19,"On the middle of the breastbone, level with the gap between the 2nd and 3rd ribs, a few finger-widths below the collarbone line.",who,gentle,no,,,,,,
5,standard point,CV20,Huagai (Splendid Canopy),https://ease-murex.vercel.app/point/cv20,"On the upper part of the breastbone, in line with the first gap between ribs just below the collarbone, about a thumb-width below the next point up.",who,gentle,no,,,,,,
5,standard point,CV21,Xuanji (Jade Pivot),https://ease-murex.vercel.app/point/cv21,"On the upper breastbone, about one thumb-width below the hollow at the base of the throat.",who,gentle,no,,,,,,
5,standard point,CV22,Tiantu (Heaven Projection),https://ease-murex.vercel.app/point/cv22,"In the soft hollow at the base of the throat, just above the top of the breastbone, between the inner ends of the collarbones. Use very light pressure.",who,gentle,no,throat,,,,,
5,standard point,CV23,Lianquan (Ridge Spring),https://ease-murex.vercel.app/point/cv23,"On the front midline of the neck, in the dip just above the bony hyoid ridge, between the chin and the Adam's apple. Use very light pressure.",who,gentle,no,throat,,,,,
5,standard point,CV24,Chengjiang (Sauce Receptacle),https://ease-murex.vercel.app/point/cv24,"On the chin, in the middle of the dip between the lower lip and the point of the chin. Press lightly.",who,gentle,no,,,,,,
5,standard point,CV9,Shuifen (Water Separation),https://ease-murex.vercel.app/point/cv9,"On the upper belly, on the midline, about one thumb-width above the navel.",who,ok,no,,,,,,
5,standard point,GB1,Tongziliao (Pupil Crevice),https://ease-murex.vercel.app/point/gb1,"On the face, in the small hollow on the bony rim just beside the outer corner of the eye, about half a thumb-width out.",who,gentle,no,eye,,,,,
5,standard point,GB10,Fubai (Floating White),https://ease-murex.vercel.app/point/gb10,"Behind the ear, roughly level with the top of the ear, about a thumb-width into the hair, on the curve running down toward the bony bump behind the earlobe.",who,ok,no,,,,,,
5,standard point,GB11,Touqiaoyin (Head Portal Yin),https://ease-murex.vercel.app/point/gb11,"Behind the ear, in the hair just above and behind the bony bump behind the earlobe, about two thirds of the way down the curve from the top of the ear to the hollow below that bump.",who,ok,no,,,,,,
5,standard point,GB12,Wangu (Completion Bone),https://ease-murex.vercel.app/point/gb12,"Just behind and below the bony bump behind the earlobe, in the soft hollow there.",who,ok,no,,,,,,
5,standard point,GB13,Benshen (Root of the Spirit),https://ease-murex.vercel.app/point/gb13,"On the forehead just inside the hairline, a little above the outer end of the eyebrow line, about four finger-widths out from the middle of the forehead.",who,ok,no,,,,,,
5,standard point,GB14,Yangbai (Yang White),https://ease-murex.vercel.app/point/gb14,"On the forehead, straight above the pupil when looking ahead, about one thumb-width above the eyebrow.",who,gentle,no,,,,,,
5,standard point,GB15,Toulinqi (Head Overlooking Tears),https://ease-murex.vercel.app/point/gb15,"On the scalp straight above the pupil when looking ahead, about half a thumb-width back from the front edge of the hair.",who,ok,no,,,,,,
5,standard point,GB19,Naokong (Brain Hollow),https://ease-murex.vercel.app/point/gb19,"On the back of the head, level with the top of the bony lump in the middle of the skull base, about three finger-widths out to the side, straight above the point in the neck hollow.",who,ok,no,,,,,,
5,standard point,GB2,Tinghui (Auditory Convergence),https://ease-murex.vercel.app/point/gb2,"Just in front of the small notch at the bottom of the ear's front flap, in the hollow behind the jaw joint; it is easiest to feel with the mouth open.",who,gentle,no,pulse,,,,,
5,standard point,GB22,Yuanye (Armpit Abyss),https://ease-murex.vercel.app/point/gb22,"On the side of the ribcage with the arm raised, about four finger-widths below the centre of the armpit, in the gap between two ribs.",who,ok,no,,,,,,
5,standard point,GB24,Riyue (Sun and Moon),https://ease-murex.vercel.app/point/gb24,"Straight down from the nipple, count three rib gaps lower (the nipple sits at about the fourth gap; this is the seventh), near the lower edge of the rib cage. In women, go straight down from mid-collarbone.",who,ok,no,,,,,,
5,standard point,GB25,Jingmen (Capital Gate),https://ease-murex.vercel.app/point/gb25,"On the side of the waist, just below the loose tip of the lowest rib, which you can feel behind the lower edge of the rib cage.",who,ok,no,,,,,,
5,standard point,GB26,Daimai (Girdling Vessel),https://ease-murex.vercel.app/point/gb26,"On the side of the waist, just below the tip of the second-lowest floating rib, at about belly-button height.",who,ok,no,,,,,,
5,standard point,GB29,Juliao (Squatting Bone Hole),https://ease-murex.vercel.app/point/gb29,"On the side of the hip, halfway between the front point of the hip bone and the bony bump on the outer upper thigh.",who,ok,no,,,,,,
5,standard point,GB3,Shangguan (Upper Gate),https://ease-murex.vercel.app/point/gb3,"On the side of the face in front of the ear, in the dip just above the middle of the cheekbone arch.",who,gentle,no,,,,,,
5,standard point,GB30,Huantiao (Jumping Round),https://ease-murex.vercel.app/point/gb30,"On the buttock, about one-third of the way from the bony bump on the outer hip toward the dip above the tailbone. Easiest to find lying on your side with the top knee bent.",who,ok,no,,,,,,
5,standard point,GB33,Xiyangguan (Knee Yang Joint),https://ease-murex.vercel.app/point/gb33,"On the outer side of the knee, in the soft dip just above the knob of the thigh bone, between the thick outer band and the hamstring tendon behind it.",who,ok,no,,,,,,
5,standard point,GB34,Yanglingquan (Yang Mound Spring),https://ease-murex.vercel.app/point/gb34,"On the outer side of the leg, in the soft hollow just in front of and below the knob of bone below the outer knee.",who,ok,no,,,,,,
5,standard point,GB35,Yangjiao (Yang Intersection),https://ease-murex.vercel.app/point/gb35,"On the outer lower leg, about seven thumb-widths (a little over two hand-widths) above the outer ankle bone, just behind the thin outer shin bone.",who,ok,no,,,,,,
5,standard point,GB36,Waiqiu (Outer Hill),https://ease-murex.vercel.app/point/gb36,"On the outer lower leg, about seven thumb-widths (a little over two hand-widths) above the outer ankle bone, on the front edge of the thin outer shin bone.",who,ok,no,,,,,,
5,standard point,GB37,Guangming (Bright Light),https://ease-murex.vercel.app/point/gb37,"On the outer lower leg, about five thumb-widths above the ankle bone, on the front edge of the thin outer shin bone.",who,ok,no,,,,,,
5,standard point,GB38,Yangfu (Yang Assistance),https://ease-murex.vercel.app/point/gb38,"On the outer lower leg, about four thumb-widths above the ankle bone, just in front of the thin outer shin bone.",who,ok,no,,,,,,
5,standard point,GB39,Xuanzhong (Suspended Bell),https://ease-murex.vercel.app/point/gb39,"On the outer lower leg, about three thumb-widths (four finger-widths) above the outer ankle bone, in the dip on the front edge of the thin outer shin bone.",who,ok,no,,,,,,
5,standard point,GB4,Hanyan (Jaw Serenity),https://ease-murex.vercel.app/point/gb4,"On the temple inside the hairline, about a quarter of the way down the gentle curve from the forehead corner of the hairline to just above the ear.",who,gentle,no,,,,,,
5,standard point,GB40,Qiuxu (Hill Ruins),https://ease-murex.vercel.app/point/gb40,"In front of and below the outer ankle bone, in the hollow on the outer side of the tendon that runs to the little toes (lift the toes to see it).",who,ok,no,,,,,,
5,standard point,GB41,Zulinqi (Foot Overlooking Tears),https://ease-murex.vercel.app/point/gb41,"On top of the foot, in the groove between the bones of the fourth and little toes, just in front of where they meet, on the outer side of the tendon to the little toe.",who,ok,no,,,,,,
5,standard point,GB42,Diwuhui (Earth Fivefold Convergence),https://ease-murex.vercel.app/point/gb42,"On top of the foot, in the groove between the bones of the fourth and little toes, just behind the knuckle of the fourth toe.",who,ok,no,,,,,,
5,standard point,GB43,Xiaxi (Pinched Ravine),https://ease-murex.vercel.app/point/gb43,"On top of the foot, in the web between the fourth and little toes, a bit toward the ankle from the edge of the skin fold.",who,ok,no,,,,,,
5,standard point,GB44,Zuqiaoyin (Foot Portal Yin),https://ease-murex.vercel.app/point/gb44,"On the outer side of the fourth toe, at the corner of the nail, a hair's breadth behind the nail edge.",who,ok,no,,,,,,
5,standard point,GB5,Xuanlu (Suspended Skull),https://ease-murex.vercel.app/point/gb5,"On the temple inside the hairline, halfway along the gentle curve from the forehead corner of the hairline to the point just above and in front of the ear.",who,gentle,no,,,,,,
5,standard point,GB6,Xuanli (Suspended Tuft),https://ease-murex.vercel.app/point/gb6,"On the temple inside the hairline, about three-quarters of the way down the gentle curve from the forehead corner toward the front of the ear.",who,gentle,no,,,,,,
5,standard point,GB7,Qubin (Temporal Hairline Curve),https://ease-murex.vercel.app/point/gb7,"At the temple, where the hairline in front of the ear curves, level with the top of the ear. Press in the small dip there.",who,gentle,no,,,,,,
5,standard point,GB8,Shuaigu (Valley Lead),https://ease-murex.vercel.app/point/gb8,"On the side of the head, about two finger-widths straight above the tip of the ear. It is easier to feel while you chew.",who,ok,no,,,,,,
5,standard point,GB9,Tianchong (Celestial Hub),https://ease-murex.vercel.app/point/gb9,"Above and behind the ear: from the back edge of where the ear joins the head, go straight up about two and a half finger-widths into the hair, a fingertip behind the point above the ear tip.",who,ok,no,,,,,,
5,standard point,GV10,Lingtai (Spirit Tower),https://ease-murex.vercel.app/point/gv10,"On the midline of the upper back, in the dip under the 6th chest-level spine bump, just above the lower tips of the shoulder blades.",who,ok,no,,,,,,
5,standard point,GV11,Shendao (Spirit Path),https://ease-murex.vercel.app/point/gv11,"On the midline of the upper back, in the dip under the 5th chest-level spine bump, between the shoulder blades.",who,ok,no,,,,,,
5,standard point,GV12,Shenzhu (Body Pillar),https://ease-murex.vercel.app/point/gv12,"On the midline of the upper back, in the dip under the 3rd chest-level spine bump, level with where the shoulder-blade ridge meets the spine.",who,ok,no,,,,,,
5,standard point,GV13,Taodao (Kiln Path),https://ease-murex.vercel.app/point/gv13,"On the midline of the upper back, in the dip under the first chest-level spine bump, just below the big bump at the base of the neck.",who,ok,no,,,,,,
5,standard point,GV14,Dazhui (Great Hammer),https://ease-murex.vercel.app/point/gv14,"At the base of the neck on the midline, in the dip just under the biggest bump you feel when you tilt your head forward.",who,ok,no,,,,,,
5,standard point,GV15,Yamen (Gate of Muteness),https://ease-murex.vercel.app/point/gv15,"On the back of the neck, on the midline, about half a thumb-width above the hairline: in the hollow just above the first bony bump you feel at the top of the neck, below the base of the skull. Press lightly.",refs,gentle,no,,,,,,
5,standard point,GV16,Fengfu (Wind Mansion),https://ease-murex.vercel.app/point/gv16,"On the back of the head, on the midline just below the bony bump at the base of the skull, in the hollow between the two neck muscles.",who,ok,no,,,,,,
5,standard point,GV17,Naohu (Brain's Door),https://ease-murex.vercel.app/point/gv17,"On the midline at the back of the head, in the hollow just above the bony bump at the base of the skull.",who,ok,no,,,,,,
5,standard point,GV18,Qiangjian (Unyielding Space),https://ease-murex.vercel.app/point/gv18,"On the midline at the back of the head, about two finger-widths above the hollow that sits just over the bony bump at the base of the skull.",refs,ok,no,,,,,,
5,standard point,GV19,Houding (Behind the Summit),https://ease-murex.vercel.app/point/gv19,"On the midline at the back of the top of the head, about two finger-widths behind the very top of the head.",who,ok,no,,,,,,
5,standard point,GV20,Baihui (Hundred Meetings),https://ease-murex.vercel.app/point/gv20,"At the very top of the head on the midline, a little forward of halfway between the front and back hairlines; also where a line joining the tips of both folded-forward ears crosses the midline.",who,ok,no,,,,,,
5,standard point,GV21,Qianding (Before the Vertex),https://ease-murex.vercel.app/point/gv21,"On the midline of the scalp, about two finger-widths (one and a half thumb-widths) in front of the crown point at the very top of the head.",who,ok,no,,,,,,
5,standard point,GV22,Xinhui (Fontanelle Meeting),https://ease-murex.vercel.app/point/gv22,"On the midline of the scalp, about two thumb-widths behind the front hairline.",who,ok,no,,,,,,
5,standard point,GV23,Shangxing (Upper Star),https://ease-murex.vercel.app/point/gv23,"On the midline of the scalp, one thumb-width behind the front hairline.",who,ok,no,,,,,,
5,standard point,GV24,Shenting (Courtyard of the Spirit),https://ease-murex.vercel.app/point/gv24,"On the midline of the scalp, half a thumb-width behind the front hairline.",who,ok,no,,,,,,
5,standard point,GV25,Suliao (White Crevice),https://ease-murex.vercel.app/point/gv25,"On the very tip of the nose, at the centre of the rounded end.",who,gentle,no,,,,,,
5,standard point,GV27,Duiduan (Extremity of the Mouth),https://ease-murex.vercel.app/point/gv27,"On the midline of the upper lip, at the middle of the small bump in the centre of the lip edge.",who,gentle,no,,,,,,
5,standard point,GV3,Yaoyangguan (Lumbar Yang Gate),https://ease-murex.vercel.app/point/gv3,"On the midline of the lower back, in the dip under the bump of the spine level with the top of your hip bones.",who,ok,no,,,,,,
5,standard point,GV4,Mingmen (Life Gate),https://ease-murex.vercel.app/point/gv4,"On the midline of the lower back, in the dip under the second lower-back bump, roughly level with the navel on the front.",who,ok,no,,,,,,
5,standard point,GV5,Xuanshu (Suspended Pivot),https://ease-murex.vercel.app/point/gv5,"On the midline of the lower back, in the dip just under the first lower-back spine bump, one bump above the point level with the navel.",who,ok,no,,,,,,
5,standard point,GV6,Jizhong (Spine Centre),https://ease-murex.vercel.app/point/gv6,"On the midline of the back, in the dip under the 11th chest-level spine bump, near the lowest ribs.",who,ok,no,,,,,,
5,standard point,GV7,Zhongshu (Central Pivot),https://ease-murex.vercel.app/point/gv7,"On the midline of the back, in the dip under the 10th chest-level spine bump, just above the waist.",who,ok,no,,,,,,
5,standard point,GV8,Jinsuo (Muscle Contraction),https://ease-murex.vercel.app/point/gv8,"On the midline of the mid-back, in the dip under the 9th chest-level spine bump, about two bumps below the level of the lower tips of the shoulder blades.",who,ok,no,,,,,,
5,standard point,GV9,Zhiyang (Extremely Yang),https://ease-murex.vercel.app/point/gv9,"On the midline of the mid-back, in the dip under the 7th chest-level spine bump, level with the lower tips of the shoulder blades.",who,ok,no,,,,,,
5,standard point,HT2,Qingling (Green Spirit),https://ease-murex.vercel.app/point/ht2,"On the inner side of the upper arm, just along the inner edge of the biceps muscle, about four finger-widths above the elbow crease.",who,ok,no,,,,,,
5,standard point,HT3,Shaohai (Lesser Sea),https://ease-murex.vercel.app/point/ht3,"On the inner side of the elbow, with the elbow bent, in the dip just in front of the bony bump on the inside, level with the end of the elbow crease.",who,ok,no,,,,,,
5,standard point,HT4,Lingdao (Spirit Path),https://ease-murex.vercel.app/point/ht4,"On the palm side of the forearm, on the little-finger side, about two finger-widths above the wrist crease, beside the tendon that stands out there.",who,ok,no,,,,,,
5,standard point,HT5,Tongli (Connecting Li),https://ease-murex.vercel.app/point/ht5,"On the palm side of the forearm, about one thumb-width above the wrist crease, on the thumb side of the tendon on the little-finger edge.",who,ok,no,,,,,,
5,standard point,HT6,Yinxi (Yin Cleft),https://ease-murex.vercel.app/point/ht6,"On the palm side of the forearm, half a thumb-width above the wrist crease, on the thumb side of the tendon on the little-finger edge.",who,ok,no,,,,,,
5,standard point,HT8,Shaofu (Lesser Mansion),https://ease-murex.vercel.app/point/ht8,"On the palm, between the bones of the ring and little fingers, just behind the knuckles, where the little fingertip lands when you make a fist.",who,ok,no,,,,,,
5,standard point,HT9,Shaochong (Lesser Surge),https://ease-murex.vercel.app/point/ht9,"On the little finger, on the thumb-side edge, right at the corner of the nail, just behind the nail's base.",who,ok,no,,,,,,
5,standard point,KI10,Yingu (Yin Valley),https://ease-murex.vercel.app/point/ki10,"On the back of the knee, at the inner end of the crease when the knee is bent, just outside the tendon you can feel on the inner side.",who,ok,no,,,,,,
5,standard point,KI16,Huangshu (Huang's Shu),https://ease-murex.vercel.app/point/ki16,"On the belly, right beside the navel, half a thumb-width out to the side.",who,ok,no,,,,,,
5,standard point,KI17,Shangqu (Shang Bend),https://ease-murex.vercel.app/point/ki17,"On the upper belly, about three finger-widths above the navel, half a thumb-width to the side of the midline.",who,ok,no,,,,,,
5,standard point,KI18,Shiguan (Stone Pass),https://ease-murex.vercel.app/point/ki18,"On the upper belly, about four finger-widths above the navel, half a thumb-width to the side of the midline.",who,ok,no,,,,,,
5,standard point,KI19,Yindu (Yin Metropolis),https://ease-murex.vercel.app/point/ki19,"On the upper belly, about four thumb-widths above the navel, half a thumb-width to the side of the midline.",who,ok,no,,,,,,
5,standard point,KI2,Rangu (Blazing Valley),https://ease-murex.vercel.app/point/ki2,"On the inner edge of the foot, just below the bony bump in the middle of the arch, where the darker top skin meets the paler sole skin.",who,ok,no,,,,,,
5,standard point,KI20,Futonggu (Abdominal Passage),https://ease-murex.vercel.app/point/ki20,"On the upper belly, about five thumb-widths above the navel, half a thumb-width to the side of the midline.",who,ok,no,,,,,,
5,standard point,KI21,Youmen (Hidden Gate),https://ease-murex.vercel.app/point/ki21,"On the upper belly, about six thumb-widths above the navel, below the ribs, half a thumb-width to the side of the midline.",who,ok,no,,,,,,
5,standard point,KI22,Bulang (Corridor Walk),https://ease-murex.vercel.app/point/ki22,"On the chest, in the gap between the fifth and sixth ribs, about two thumb-widths out from the middle of the breastbone.",who,gentle,no,,,,,,
5,standard point,KI23,Shenfeng (Spirit Seal),https://ease-murex.vercel.app/point/ki23,"On the chest, in the gap between the fourth and fifth ribs, about two thumb-widths out from the middle of the breastbone.",who,gentle,no,,,,,,
5,standard point,KI24,Lingxu (Spirit Burial Ground),https://ease-murex.vercel.app/point/ki24,"On the chest, in the gap between the third and fourth ribs, about two thumb-widths out from the middle of the breastbone.",who,gentle,no,,,,,,
5,standard point,KI25,Shencang (Spirit Storehouse),https://ease-murex.vercel.app/point/ki25,"On the upper chest, in the gap between the second and third ribs, about two thumb-widths out from the middle of the breastbone.",who,gentle,no,,,,,,
5,standard point,KI26,Yuzhong (Lively Middle),https://ease-murex.vercel.app/point/ki26,"On the upper chest, in the gap between the first and second ribs, about two thumb-widths out from the middle of the breastbone.",who,gentle,no,,,,,,
5,standard point,KI27,Shufu (Shu Mansion),https://ease-murex.vercel.app/point/ki27,"On the upper chest, in the dip just under the collarbone, about two thumb-widths out from the middle of the breastbone.",who,gentle,no,,,,,,
5,standard point,KI3,Taixi (Greater Stream),https://ease-murex.vercel.app/point/ki3,"On the inner ankle, in the hollow halfway between the inner ankle bone and the Achilles tendon, level with the tip of the bone.",who,gentle,no,pulse,,,,,
5,standard point,KI4,Dazhong (Great Bell),https://ease-murex.vercel.app/point/ki4,"On the inner heel area, just behind and below the inner ankle bone, in the dip in front of where the Achilles tendon meets the heel.",who,ok,no,,,,,,
5,standard point,KI5,Shuiquan (Water Spring),https://ease-murex.vercel.app/point/ki5,"On the inner side of the heel, about one thumb-width below the hollow behind the inner ankle bone, in the dip in front of the heel bump.",who,ok,no,,,,,,
5,standard point,KI6,Zhaohai (Shining Sea),https://ease-murex.vercel.app/point/ki6,"On the inner ankle, in the hollow about one thumb-width straight below the tip of the inner ankle bone.",who,ok,no,,,,,,
5,standard point,KI7,Fuliu (Returning Flow),https://ease-murex.vercel.app/point/ki7,"On the inner lower leg, about two thumb-widths above the inner ankle bone, at the front edge of the Achilles tendon.",who,ok,no,,,,,,
5,standard point,KI8,Jiaoxin (Intersection Reach),https://ease-murex.vercel.app/point/ki8,"On the inner lower leg, about two thumb-widths above the inner ankle bone, just behind the edge of the shin bone and a little in front of the Achilles tendon.",who,ok,no,,,,,,
5,standard point,KI9,Zhubin (Guest House),https://ease-murex.vercel.app/point/ki9,"On the inner lower calf, about five thumb-widths above the inner ankle bone, in the groove between the bottom of the calf muscle and the Achilles tendon.",who,ok,no,,,,,,
5,standard point,LI1,Shangyang (Shang Yang),https://ease-murex.vercel.app/point/li1,"On the index finger, on the side nearest the thumb, just beside the base corner of the fingernail.",who,ok,no,,,,,,
5,standard point,LI10,Shousanli (Arm Three Miles),https://ease-murex.vercel.app/point/li10,"On the thumb-side back of the forearm, about three finger-widths below the outer end of the elbow crease, in the thick muscle.",who,ok,no,,,,,,
5,standard point,LI12,Zhouliao (Elbow Bone-Hole),https://ease-murex.vercel.app/point/li12,"On the outer elbow, about one thumb-width above the bony knob on the outside of the elbow, at the front edge of the ridge there.",who,ok,no,,,,,,
5,standard point,LI13,Shouwuli (Arm Five Miles),https://ease-murex.vercel.app/point/li13,"On the outer upper arm, about four finger-widths above the outer end of the elbow crease, on the line up to the shoulder.",who,ok,no,,,,,,
5,standard point,LI14,Binao (Upper Arm),https://ease-murex.vercel.app/point/li14,"On the outer upper arm, about three-quarters of the way up from the elbow crease to the armpit, just in front of the lower tip of the rounded shoulder muscle.",who,ok,no,,,,,,
5,standard point,LI15,Jianyu (Shoulder Bone),https://ease-murex.vercel.app/point/li15,"On the outer front of the shoulder, in the hollow just in front of and below the bony tip of the shoulder, easiest to feel when you lift your arm out to the side.",who,ok,no,,,,,,
5,standard point,LI16,Jugu (Great Bone),https://ease-murex.vercel.app/point/li16,"On the top of the shoulder, in the groove between the outer end of the collarbone and the ridge of the shoulder blade, near the shoulder tip.",who,ok,no,,,,,,
5,standard point,LI17,Tianding (Heaven's Tripod),https://ease-murex.vercel.app/point/li17,"On the side of the neck, about one thumb-width below the level of the Adam's apple, just behind the back edge of the thick neck muscle. Light touch only.",who,gentle,no,throat,,,,,
5,standard point,LI18,Futu (Support the Prominence),https://ease-murex.vercel.app/point/li18,"On the side of the neck, level with the Adam's apple, in the gap between the two parts of the thick neck muscle. Light touch only, beside the pulse.",who,gentle,no,pulse throat,,,,,
5,standard point,LI19,Kouheliao (Mouth Grain-Hole),https://ease-murex.vercel.app/point/li19,"On the upper lip area, directly below the outer edge of the nostril, level with the middle of the groove under the nose.",who,gentle,no,,,,,,
5,standard point,LI2,Erjian (Second Interval),https://ease-murex.vercel.app/point/li2,"On the thumb side of the index finger, in the small dip just past the big knuckle toward the fingertip, where the darker skin meets the paler skin.",who,ok,no,,,,,,
5,standard point,LI20,Yingxiang (Welcome Fragrance),https://ease-murex.vercel.app/point/li20,"On the face in the groove beside the nostril, level with the middle of the outer edge of the nostril wing.",who,gentle,no,,,,,,
5,standard point,LI3,Sanjian (Third Interval),https://ease-murex.vercel.app/point/li3,"On the back of the hand, in the hollow on the thumb side of the index finger's big knuckle, just on the wrist side of it.",who,ok,no,,,,,,
5,standard point,LI5,Yangxi (Yang Stream),https://ease-murex.vercel.app/point/li5,"On the back of the wrist at the thumb side, in the little hollow that appears between the two thumb tendons when you lift your thumb up.",who,ok,no,,,,,,
5,standard point,LI6,Pianli (Veering Passage),https://ease-murex.vercel.app/point/li6,"On the thumb-side back of the forearm, about four finger-widths above the wrist crease, on the line toward the outer elbow.",who,ok,no,,,,,,
5,standard point,LI7,Wenliu (Warm Dwelling),https://ease-murex.vercel.app/point/li7,"On the thumb-side back of the forearm, on the line toward the outer elbow, a little under halfway from the wrist crease to the elbow crease (about five thumb-widths up).",who,ok,no,,,,,,
5,standard point,LI8,Xialian (Lower Edge),https://ease-murex.vercel.app/point/li8,"On the thumb-side back of the forearm, on the line to the wrist, about four finger-widths plus one thumb-width below the outer end of the elbow crease.",who,ok,no,,,,,,
5,standard point,LI9,Shanglian (Upper Edge),https://ease-murex.vercel.app/point/li9,"On the thumb-side back of the forearm, about four finger-widths below the outer end of the elbow crease, on the line to the wrist.",who,ok,no,,,,,,
5,standard point,LR1,Dadun (Great Mound),https://ease-murex.vercel.app/point/lr1,"On the big toe, on the side facing the second toe, at the base corner of the toenail, just a hair back from where the nail meets the skin.",who,ok,no,,,,,,
5,standard point,LR10,Zuwuli (Foot Five Miles),https://ease-murex.vercel.app/point/lr10,"On the inner upper thigh, about three thumb-widths below the groin fold, where you can feel a pulse.",who,gentle,no,pulse,,,,,
5,standard point,LR11,Yinlian (Yin Corner),https://ease-murex.vercel.app/point/lr11,"On the inner upper thigh, about two thumb-widths below the groin fold, just outside the thick cord-like muscle of the inner thigh.",who,ok,no,,,,,,
5,standard point,LR13,Zhangmen (Chapter Gate),https://ease-murex.vercel.app/point/lr13,"On the side of the belly, just below the tip of the second-lowest floating rib; lying on your side with your top arm raised helps you feel it.",who,ok,no,,,,,,
5,standard point,LR14,Qimen (Cycle Gate),https://ease-murex.vercel.app/point/lr14,"On the chest, straight below the nipple, in the gap between the sixth and seventh ribs, two rib-gaps below nipple level. For women, go straight down from the middle of the collarbone to the same rib gap, under the breast.",who,ok,no,,,,,,
5,standard point,LR2,Xingjian (Moving Between),https://ease-murex.vercel.app/point/lr2,"On the top of the foot, in the groove between the big toe and second toe, a little way back from the edge of the web, where the skin colour changes.",who,ok,no,,,,,,
5,standard point,LR4,Zhongfeng (Mound Centre),https://ease-murex.vercel.app/point/lr4,"At the front of the inner ankle, in front of the ankle bump: lift your foot to make the thick tendon at the front of the ankle stand out, then press the soft dip just on the inner (big-toe) side of that tendon.",who,ok,no,,,,,,
5,standard point,LR5,Ligou (Woodworm Canal),https://ease-murex.vercel.app/point/lr5,"On the inner shin, in the middle of the flat inner edge of the shinbone, about five thumb-widths above the ankle bone.",who,ok,no,,,,,,
5,standard point,LR6,Zhongdu (Central Metropolis),https://ease-murex.vercel.app/point/lr6,"On the inner shin, in the middle of the flat inner edge of the shinbone, about seven thumb-widths above the ankle bone.",who,ok,no,,,,,,
5,standard point,LR7,Xiguan (Knee Joint),https://ease-murex.vercel.app/point/lr7,"Just below the bony bump on the inner side of the knee, about one thumb-width behind the soft dip found there, at the top of the calf.",who,ok,no,,,,,,
5,standard point,LR8,Ququan (Spring at the Bend),https://ease-murex.vercel.app/point/lr8,"With the knee bent, on the inner side of the knee, in the hollow just in front of the thick tendons at the inner end of the crease behind the knee.",who,ok,no,,,,,,
5,standard point,LR9,Yinbao (Yin Bundle),https://ease-murex.vercel.app/point/lr9,"On the inner thigh, about four thumb-widths above the inner edge of the kneecap, in the groove between the two muscles there.",who,ok,no,,,,,,
5,standard point,LU1,Zhongfu (Middle Palace),https://ease-murex.vercel.app/point/lu1,"On the upper chest near the shoulder, about one thumb-width below the soft hollow under the outer collarbone, level with the gap just below the first rib (about six thumb-widths out from the middle of the chest).",who,ok,no,,,,,,
5,standard point,LU10,Yuji (Fish Border),https://ease-murex.vercel.app/point/lu10,"On the palm, along the edge of the thumb's fleshy pad, halfway down the long thumb-side hand bone where the darker skin meets the paler palm skin.",who,ok,no,,,,,,
5,standard point,LU11,Shaoshang (Lesser Merchant),https://ease-murex.vercel.app/point/lu11,"On the outer edge of the thumb, just beside the base corner of the thumbnail, on the side away from the index finger.",who,ok,no,,,,,,
5,standard point,LU2,Yunmen (Cloud Gate),https://ease-murex.vercel.app/point/lu2,"On the upper chest, in the soft hollow just under the outer end of the collarbone, on the chest side of the bony knob at the front of the shoulder.",who,ok,no,,,,,,
5,standard point,LU3,Tianfu (Celestial Storehouse),https://ease-murex.vercel.app/point/lu3,"On the inner upper arm along the thumb side of the biceps muscle, about four finger-widths below the armpit fold.",who,ok,no,,,,,,
5,standard point,LU4,Xiabai (Guarding White),https://ease-murex.vercel.app/point/lu4,"On the inner upper arm along the thumb side of the biceps muscle, about four finger-widths plus one thumb-width below the front armpit fold.",who,ok,no,,,,,,
5,standard point,LU5,Chize (Cubit Marsh),https://ease-murex.vercel.app/point/lu5,"In the elbow crease with the arm bent, in the dip on the thumb side of the thick tendon in the middle of the crease.",who,ok,no,,,,,,
5,standard point,LU6,Kongzui (Maximum Opening),https://ease-murex.vercel.app/point/lu6,"On the thumb side of the inner forearm, on the line from wrist to elbow, one thumb-width above the halfway point between the wrist crease and the elbow crease.",who,ok,no,,,,,,
5,standard point,LU8,Jingqu (Channel Ditch),https://ease-murex.vercel.app/point/lu8,"On the thumb side of the inner forearm, one thumb-width above the wrist crease, between the wrist bone bump and the pulse.",who,gentle,no,pulse,,,,,
5,standard point,LU9,Taiyuan (Great Abyss),https://ease-murex.vercel.app/point/lu9,"At the wrist crease on the thumb side, in the soft dip just beside where you feel the pulse. Press next to the pulse, not on it.",who,gentle,no,pulse,,,,,
5,standard point,PC1,Tianchi (Heavenly Pool),https://ease-murex.vercel.app/point/pc1,"On the chest, in the space between the fourth and fifth ribs, about one thumb-width outside the nipple.",who,gentle,no,,,,,,
5,standard point,PC2,Tianquan (Heavenly Spring),https://ease-murex.vercel.app/point/pc2,"On the inner upper arm, in the groove between the two heads of the biceps muscle, about two to three finger-widths below the front armpit fold.",who,ok,no,,,,,,
5,standard point,PC3,Quze (Marsh at the Bend),https://ease-murex.vercel.app/point/pc3,"In the middle of the inner elbow crease, on the little-finger side of the thick tendon. Press beside the pulse, not on it.",who,gentle,no,pulse,,,,,
5,standard point,PC4,Ximen (Cleft Gate),https://ease-murex.vercel.app/point/pc4,"On the inner forearm, between the two central tendons, about six to seven finger-widths above the wrist crease.",who,ok,no,,,,,,
5,standard point,PC5,Jianshi (Intermediary),https://ease-murex.vercel.app/point/pc5,"On the inner forearm, between the two central tendons, about four finger-widths above the wrist crease.",who,ok,no,,,,,,
5,standard point,PC7,Daling (Great Mound),https://ease-murex.vercel.app/point/pc7,"On the inner wrist, in the middle of the wrist crease, between the two central tendons.",who,ok,no,,,,,,
5,standard point,PC8,Laogong (Labour Palace),https://ease-murex.vercel.app/point/pc8,"In the middle of the palm, between the bones leading to the index and middle fingers, where the middle fingertip lands when you make a loose fist.",who,ok,no,,,,,,
5,standard point,PC9,Zhongchong (Middle Rushing),https://ease-murex.vercel.app/point/pc9,"At the very tip of the middle finger, in the centre.",who,ok,no,,,,,,
5,standard point,SI1,Shaoze (Lesser Marsh),https://ease-murex.vercel.app/point/si1,"On the little finger, on the outer side (away from the ring finger), a hair's breadth behind the base corner of the nail.",who,ok,no,,,,,,
5,standard point,SI10,Naoshu (Upper Arm Shu),https://ease-murex.vercel.app/point/si10,"At the back of the shoulder, above the back armpit fold, in the dip just under the ridge of the shoulder blade.",who,ok,no,,,,,,
5,standard point,SI11,Tianzong (Celestial Gathering),https://ease-murex.vercel.app/point/si11,"On the shoulder blade, in the dip in the middle of the flat area below the ridge, about a third of the way down from the ridge toward the bottom tip of the blade.",who,ok,no,,,,,,
5,standard point,SI12,Bingfeng (Grasping the Wind),https://ease-murex.vercel.app/point/si12,"On the top of the shoulder blade, in the hollow above the middle of its ridge, in the muscle you can squeeze at the top of the shoulder.",who,ok,no,,,,,,
5,standard point,SI13,Quyuan (Crooked Wall),https://ease-murex.vercel.app/point/si13,"On the top of the shoulder blade, in the hollow just above the inner end of its ridge, about halfway between the back of the shoulder and the spine at the second bump below the big bump at the base of the neck.",who,ok,no,,,,,,
5,standard point,SI14,Jianwaishu (Outer Shoulder Shu),https://ease-murex.vercel.app/point/si14,"On the upper back, beside the spine, about a hand's width (four fingers) out from the first bump below the neck bump, level with the inner edge of the shoulder blade.",who,ok,no,,,,,,
5,standard point,SI15,Jianzhongshu (Middle Shoulder Shu),https://ease-murex.vercel.app/point/si15,"On the upper back, about three finger-widths (two thumb-widths) out to the side of the big bump at the base of the neck, level with its lower edge.",who,ok,no,,,,,,
5,standard point,SI16,Tianchuang (Heavenly Window),https://ease-murex.vercel.app/point/si16,"On the side of the neck, just behind the big neck muscle running from ear to collarbone, level with the Adam's apple.",who,gentle,no,throat,,,,,
5,standard point,SI17,Tianrong (Heavenly Appearance),https://ease-murex.vercel.app/point/si17,"On the side of the neck, just behind the angle of the jaw, in the dip right in front of the big neck muscle.",who,gentle,no,pulse throat,,,,,
5,standard point,SI18,Quanliao (Cheek Bone Crevice),https://ease-murex.vercel.app/point/si18,"On the face, in the dip along the lower edge of the cheekbone, straight below the outer corner of the eye.",who,gentle,no,,,,,,
5,standard point,SI19,Tinggong (Listening Palace),https://ease-murex.vercel.app/point/si19,"Just in front of the little flap at the ear opening, in the dip that appears when you open your mouth slightly.",who,gentle,no,,,,,,
5,standard point,SI2,Qiangu (Front Valley),https://ease-murex.vercel.app/point/si2,"On the outer side of the little finger, in the small dip just in front of the knuckle where it meets the hand, at the line where the skin colour changes.",who,ok,no,,,,,,
5,standard point,SI5,Yanggu (Yang Valley),https://ease-murex.vercel.app/point/si5,"On the little-finger side of the back of the wrist, in the hollow between the small knob of the forearm bone and the wrist bone next to it.",who,ok,no,,,,,,
5,standard point,SI6,Yanglao (Nursing the Aged),https://ease-murex.vercel.app/point/si6,"On the back of the forearm just above the wrist, on the little-finger side. Turn your palm toward your chest and feel for the cleft beside the knob of the forearm bone.",who,ok,no,,,,,,
5,standard point,SI8,Xiaohai (Small Sea),https://ease-murex.vercel.app/point/si8,"On the back of the elbow, in the groove between the pointy tip of the elbow and the bony bump on the inner side. Press lightly, as the nerve here is sensitive.",who,gentle,no,,,,,,
5,standard point,SI9,Jianzhen (True Shoulder),https://ease-murex.vercel.app/point/si9,"At the back of the shoulder, behind and below the joint, about one thumb-width above the end of the back armpit fold when the arm hangs down.",who,ok,no,,,,,,
5,standard point,SP1,Yinbai (Hidden White),https://ease-murex.vercel.app/point/sp1,"On the inner side of the big toe, right at the corner of the nail, just behind the nail's base.",who,ok,no,,,,,,
5,standard point,SP10,Xuehai (Sea of Blood),https://ease-murex.vercel.app/point/sp10,"On the inner thigh, about two thumb-widths above the inner upper corner of the kneecap, on the bulge of the thigh muscle that stands out when the knee is bent.",who,ok,no,,,,,,
5,standard point,SP11,Jimen (Winnower Gate),https://ease-murex.vercel.app/point/sp11,"On the inner thigh, about a third of the way down from the groin crease to the knee, in the groove between the front and inner thigh muscles where a pulse can be felt. Press beside the pulse, not on it.",who,gentle,no,pulse,,,,,
5,standard point,SP15,Daheng (Great Horizontal),https://ease-murex.vercel.app/point/sp15,"On the belly, level with the navel, four thumb-widths (a hand-width plus a thumb-width) out to the side of it.",who,ok,no,,,,,,
5,standard point,SP16,Fuai (Abdominal Sorrow),https://ease-murex.vercel.app/point/sp16,"On the upper belly, about four finger-widths above the navel and four thumb-widths (a hand-width plus a thumb-width) out to the side, near the lower edge of the ribs.",who,ok,no,,,,,,
5,standard point,SP17,Shidou (Food Hole),https://ease-murex.vercel.app/point/sp17,"On the side of the chest, in the soft gap between the fifth and sixth ribs, six thumb-widths (two hand-widths) out from the center of the breastbone.",who,gentle,no,,,,,,
5,standard point,SP18,Tianxi (Heavenly Stream),https://ease-murex.vercel.app/point/sp18,"On the side of the chest, in the soft gap between the fourth and fifth ribs, a little outside the nipple line.",who,gentle,no,,,,,,
5,standard point,SP19,Xiongxiang (Chest Village),https://ease-murex.vercel.app/point/sp19,"On the side of the upper chest, in the soft gap between the third and fourth ribs, well outside the breastbone.",who,ok,no,,,,,,
5,standard point,SP2,Dadu (Great Metropolis),https://ease-murex.vercel.app/point/sp2,"On the inner side of the big toe, just in front of the big knuckle joint, where the skin changes from the top of the foot to the sole.",who,ok,no,,,,,,
5,standard point,SP20,Zhourong (All-Round Flourishing),https://ease-murex.vercel.app/point/sp20,"On the upper chest, in the soft gap between the second and third ribs, well out to the side of the breastbone, below the collarbone.",who,ok,no,,,,,,
5,standard point,SP21,Dabao (Great Embracement),https://ease-murex.vercel.app/point/sp21,"On the side of the chest, in the soft gap between the sixth and seventh ribs, straight down from the middle of the armpit.",who,ok,no,,,,,,
5,standard point,SP3,Taibai (Supreme White),https://ease-murex.vercel.app/point/sp3,"On the inner edge of the foot, in the hollow just behind the big knuckle joint, where the skin changes from top-of-foot to sole.",who,ok,no,,,,,,
5,standard point,SP4,Gongsun (Grandfather Grandson),https://ease-murex.vercel.app/point/sp4,"On the inner edge of the foot, in the hollow just in front of and below the bump at the base of the big toe's long bone, where the skin changes color.",who,ok,no,,,,,,
5,standard point,SP5,Shangqiu (Shang Hill),https://ease-murex.vercel.app/point/sp5,"On the inside of the ankle, in the soft hollow just in front of and below the inner ankle bone, halfway between that bone and the bump in front of it.",who,ok,no,,,,,,
5,standard point,SP7,Lougu (Leaking Valley),https://ease-murex.vercel.app/point/sp7,"On the inside of the lower leg, about eight finger-widths above the inner ankle bone (twice as high as the point four finger-widths up), just behind the edge of the shin bone.",who,ok,no,,,,,,
5,standard point,SP8,Diji (Earth Pivot),https://ease-murex.vercel.app/point/sp8,"On the inside of the lower leg, about four finger-widths below the hollow under the knee's bony bump, just behind the edge of the shin bone.",who,ok,no,,,,,,
5,standard point,SP9,Yinlingquan (Yin Mound Spring),https://ease-murex.vercel.app/point/sp9,"On the inside of the leg just below the knee, in the hollow where the shin bone's edge meets the underside of the bony bump below the inner knee.",who,ok,no,,,,,,
5,standard point,ST10,Shuitu (Water Prominence),https://ease-murex.vercel.app/point/st10,"On the front of the neck, along the front edge of the large neck muscle, a little below the level of the Adam's apple, about halfway between the carotid pulse and the inner end of the collarbone.",who,gentle,no,throat,,,,,
5,standard point,ST11,Qishe (Qi Abode),https://ease-murex.vercel.app/point/st11,"At the base of the front of the neck, in the small dip just above the inner end of the collarbone, between the two tendons of the neck muscle.",who,gentle,no,throat,,,,,
5,standard point,ST12,Quepen (Empty Basin),https://ease-murex.vercel.app/point/st12,"In the hollow just above the middle of the collarbone, in line with the nipple, in the dip at the base of the side of the neck.",who,gentle,no,pulse,,,,,
5,standard point,ST13,Qihu (Qi Door),https://ease-murex.vercel.app/point/st13,"On the upper chest, just below the middle of the collarbone, four thumb-widths out from the breastbone midline, straight above the nipple.",who,ok,no,,,,,,
5,standard point,ST14,Kufang (Storeroom),https://ease-murex.vercel.app/point/st14,"On the upper chest, in the gap between the first and second ribs, four thumb-widths out from the breastbone midline, straight above the nipple.",who,ok,no,,,,,,
5,standard point,ST15,Wuyi (Roof),https://ease-murex.vercel.app/point/st15,"On the chest, in the gap just below the second rib, four thumb-widths out from the breastbone midline, straight above the nipple. The second rib joins the breastbone at its raised ridge.",who,ok,no,,,,,,
5,standard point,ST16,Yingchuang (Breast Window),https://ease-murex.vercel.app/point/st16,"On the chest, in the gap between the third and fourth ribs, four thumb-widths out from the breastbone midline, just above the nipple.",who,ok,no,,,,,,
5,standard point,ST18,Rugen (Breast Root),https://ease-murex.vercel.app/point/st18,"On the chest, directly below the nipple in the gap between the fifth and sixth ribs. In women it is at the crease under the breast.",who,gentle,no,,,,,,
5,standard point,ST19,Burong (Not Contained),https://ease-murex.vercel.app/point/st19,"On the upper belly, on both sides, just under the rib edge, about two hand-widths above the navel and about three finger-widths out from the midline.",who,ok,no,,,,,,
5,standard point,ST2,Sibai (Four Whites),https://ease-murex.vercel.app/point/st2,"On the face, about a thumb-width straight below the pupil when looking ahead, in the small dip in the cheekbone just under the eye socket.",who,gentle,no,eye,,,,,
5,standard point,ST20,Chengman (Assuming Fullness),https://ease-murex.vercel.app/point/st20,"On the upper belly, five thumb-widths above the navel and two thumb-widths out from the midline, about one thumb-width below the lower edge of the ribs.",who,ok,no,,,,,,
5,standard point,ST21,Liangmen (Beam Gate),https://ease-murex.vercel.app/point/st21,"On the upper belly, four thumb-widths above the belly button and two thumb-widths out from the midline.",who,ok,no,,,,,,
5,standard point,ST22,Guanmen (Pass Gate),https://ease-murex.vercel.app/point/st22,"On the upper belly, three thumb-widths above the belly button and two thumb-widths out from the midline.",who,ok,no,,,,,,
5,standard point,ST23,Taiyi (Supreme Unity),https://ease-murex.vercel.app/point/st23,"On the upper belly, two thumb-widths above the navel and two thumb-widths out to the side of the midline.",who,ok,no,,,,,,
5,standard point,ST24,Huaroumen (Slippery Flesh Gate),https://ease-murex.vercel.app/point/st24,"On the upper belly, one thumb-width above the navel and two thumb-widths out to the side of the midline.",who,ok,no,,,,,,
5,standard point,ST3,Juliao (Great Crevice),https://ease-murex.vercel.app/point/st3,"On the face, straight below the pupil when looking ahead, level with the bottom of the nostril wing, just outside the crease running from nose to mouth.",who,gentle,no,,,,,,
5,standard point,ST31,Biguan (Thigh Joint),https://ease-murex.vercel.app/point/st31,"On the upper front of the thigh, straight below the bony point at the front of the hip, level with the bottom of the pubic bone, in the soft dip between the thigh muscles.",who,ok,no,,,,,,
5,standard point,ST32,Futu (Crouching Rabbit),https://ease-murex.vercel.app/point/st32,"On the front-outer thigh, about six thumb-widths above the top of the kneecap, on the line toward the hip bone's front point.",who,ok,no,,,,,,
5,standard point,ST33,Yinshi (Yin Market),https://ease-murex.vercel.app/point/st33,"On the front-outer thigh, about three thumb-widths above the top of the kneecap, just outside the large thigh tendon.",who,ok,no,,,,,,
5,standard point,ST34,Liangqiu (Beam Hill),https://ease-murex.vercel.app/point/st34,"On the front-outer thigh, about two thumb-widths above the top of the kneecap, in the groove between the thigh tendon and the outer thigh muscle.",who,ok,no,,,,,,
5,standard point,ST35,Dubi (Calf's Nose),https://ease-murex.vercel.app/point/st35,"With the knee bent, in the hollow just below the kneecap on its outer side, beside the thick tendon under the kneecap.",who,ok,no,,,,,,
5,standard point,ST37,Shangjuxu (Upper Great Hollow),https://ease-murex.vercel.app/point/st37,"On the front of the lower leg, about six thumb-widths below the knee hollow and one finger-width outside the shin bone, in the muscle.",who,ok,no,,,,,,
5,standard point,ST38,Tiaokou (Ribbon Opening),https://ease-murex.vercel.app/point/st38,"On the front of the lower leg, about eight thumb-widths below the knee hollow, one finger-width outside the shin bone, roughly midway to the ankle.",who,ok,no,,,,,,
5,standard point,ST39,Xiajuxu (Lower Great Hollow),https://ease-murex.vercel.app/point/st39,"On the front of the lower leg, about nine thumb-widths below the knee hollow and one finger-width outside the shin bone, a little below the midpoint.",who,ok,no,,,,,,
5,standard point,ST4,Dicang (Earth Granary),https://ease-murex.vercel.app/point/st4,"On the face, just beside the corner of the mouth, about half a finger-width out, on the line of the crease that runs down from the nose.",who,gentle,no,,,,,,
5,standard point,ST40,Fenglong (Abundant Bulge),https://ease-murex.vercel.app/point/st40,"On the front-outer lower leg, halfway between the knee and the ankle bone, about two finger-widths outside the sharp edge of the shin bone, in the muscle.",who,ok,no,,,,,,
5,standard point,ST41,Jiexi (Ravine Divide),https://ease-murex.vercel.app/point/st41,"On the front of the ankle, in the middle of the crease where foot meets leg, in the hollow between the two big tendons. They stand out when you lift your toes.",who,ok,no,,,,,,
5,standard point,ST42,Chongyang (Rushing Yang),https://ease-murex.vercel.app/point/st42,"On the top of the foot, at the highest part of the arch, where you can feel a pulse. Press gently beside the pulse, not on it.",who,gentle,no,pulse,,,,,
5,standard point,ST43,Xiangu (Sunken Valley),https://ease-murex.vercel.app/point/st43,"On the top of the foot, in the groove between the bones leading to the second and third toes, in the hollow just behind the toe knuckle.",who,ok,no,,,,,,
5,standard point,ST44,Neiting (Inner Courtyard),https://ease-murex.vercel.app/point/st44,"On the top of the foot, just behind the web between the second and third toes, in the small dip beside the base of the second toe.",refs,ok,no,,,,,,
5,standard point,ST45,Lidui (Strict Exchange),https://ease-murex.vercel.app/point/st45,"On the second toe, at the outer corner of the nail, right where the side edge meets the base of the nail.",who,ok,no,,,,,,
5,standard point,ST5,Daying (Great Welcome),https://ease-murex.vercel.app/point/st5,"On the jaw, just in front of the angle of the jawbone, in the dip at the front edge of the chewing muscle. You may feel a pulse there; press beside it, lightly.",who,gentle,no,pulse,,,,,
5,standard point,ST6,Jiache (Jaw Chariot),https://ease-murex.vercel.app/point/st6,"On the jaw, about one finger-width in front of and above the angle of the jawbone, where the chewing muscle bulges when you clench your teeth.",who,gentle,no,,,,,,
5,standard point,ST7,Xiaguan (Below the Joint),https://ease-murex.vercel.app/point/st7,"On the side of the face, about a finger-width in front of the ear, in the hollow just under the cheekbone arch. With your mouth closed you feel a dip; it fills when you open your mouth.",who,gentle,no,,,,,,
5,standard point,ST8,Touwei (Head Corner),https://ease-murex.vercel.app/point/st8,"At the corner of the forehead on each side, about half a thumb-width inside the hairline, where the hairline turns back toward the temple.",who,ok,no,,,,,,
5,standard point,TE1,Guanchong (Passage Hub),https://ease-murex.vercel.app/point/te1,"On the little-finger side of the ring finger, just behind the corner of the nail, where the side of the nail meets its base.",who,ok,no,,,,,,
5,standard point,TE10,Tianjing (Heavenly Well),https://ease-murex.vercel.app/point/te10,"On the back of the arm, about one thumb-width above the tip of the elbow, in the hollow you feel when the elbow is bent.",who,ok,no,,,,,,
5,standard point,TE11,Qinglengyuan (Clear Cold Abyss),https://ease-murex.vercel.app/point/te11,"On the back of the upper arm, about three finger-widths above the tip of the elbow, in the middle of the arm.",who,ok,no,,,,,,
5,standard point,TE12,Xiaoluo (Dispersing Riverbed),https://ease-murex.vercel.app/point/te12,"On the back of the upper arm, in the middle of the arm, five thumb-widths (a hand-width plus three finger-widths) above the tip of the elbow.",who,ok,no,,,,,,
5,standard point,TE13,Naohui (Upper Arm Convergence),https://ease-murex.vercel.app/point/te13,"On the back of the upper arm, about four finger-widths below the back corner of the shoulder bone, along the rear edge of the rounded shoulder muscle.",who,ok,no,,,,,,
5,standard point,TE14,Jianliao (Shoulder Bone-hole),https://ease-murex.vercel.app/point/te14,"On the back of the shoulder, in the dimple just behind and below the bony tip of the shoulder. It shows up when you raise the arm out to the side.",who,ok,no,,,,,,
5,standard point,TE15,Tianliao (Heavenly Bone-hole),https://ease-murex.vercel.app/point/te15,"On the upper back, just above the upper inner corner of the shoulder blade, about halfway between the top of the shoulder muscle and the inner end of the shoulder blade's upper edge.",who,ok,no,,,,,,
5,standard point,TE16,Tianyou (Window of Heaven),https://ease-murex.vercel.app/point/te16,"On the side of the neck, just behind the big neck muscle, level with the angle of the jaw.",who,gentle,no,,,,,,
5,standard point,TE17,Yifeng (Wind Screen),https://ease-murex.vercel.app/point/te17,"Just behind the earlobe, in the soft hollow between the jawbone and the bony bump behind the ear.",who,ok,no,,,,,,
5,standard point,TE18,Chimai (Spasm Vessel),https://ease-murex.vercel.app/point/te18,"On the bony bump behind the ear, near its middle, in line with the curve that runs from behind the earlobe up around the ear.",who,ok,no,,,,,,
5,standard point,TE19,Luxi (Skull Rest),https://ease-murex.vercel.app/point/te19,"Behind the ear, on the curved line that runs from behind the earlobe up to the tip of the ear, about one-third of the way down from the tip.",who,ok,no,,,,,,
5,standard point,TE2,Yemen (Fluid Gate),https://ease-murex.vercel.app/point/te2,"On the back of the hand, in the small hollow just above the skin fold between the ring finger and little finger.",who,ok,no,,,,,,
5,standard point,TE20,Jiaosun (Angle Vertex),https://ease-murex.vercel.app/point/te20,"On the side of the head just above the tip of the ear. Fold the ear forward, and the spot is where the tip touches the scalp.",who,ok,no,,,,,,
5,standard point,TE21,Ermen (Ear Gate),https://ease-murex.vercel.app/point/te21,"In front of the ear, in the small dip just above the little flap at the ear opening. It deepens when you open your mouth slightly.",who,gentle,no,,,,,,
5,standard point,TE22,Erheliao (Ear Harmonic Bone-hole),https://ease-murex.vercel.app/point/te22,"On the side of the head, just in front of the top of the ear and at the edge of the temple hair. You can feel a pulse right in front of it; stay behind that.",who,gentle,no,pulse,,,,,
5,standard point,TE23,Sizhukong (Silk Bamboo Hole),https://ease-murex.vercel.app/point/te23,"At the outer end of the eyebrow, in the small hollow on the bone.",who,gentle,no,eye,,,,,
5,standard point,TE3,Zhongzhu (Central Islet),https://ease-murex.vercel.app/point/te3,"On the back of the hand, in the groove between the ring- and little-finger bones, just behind the knuckles on the wrist side.",who,ok,no,,,,,,
5,standard point,TE4,Yangchi (Yang Pool),https://ease-murex.vercel.app/point/te4,"On the back of the wrist, right on the crease, in the dip on the little-finger side of the bundle of finger tendons, in line with the gap between the ring- and little-finger bones.",who,ok,no,,,,,,
5,standard point,TE5,Waiguan (Outer Pass),https://ease-murex.vercel.app/point/te5,"On the back of the forearm, about three finger-widths above the wrist crease, in the groove between the two forearm bones, directly opposite the popular inner-wrist point.",who,ok,no,,,,,,
5,standard point,TE6,Zhigou (Branch Ditch),https://ease-murex.vercel.app/point/te6,"On the back of the forearm, about four finger-widths above the wrist crease, in the groove between the two forearm bones.",who,ok,no,,,,,,
5,standard point,TE7,Huizong (Convergence and Gathering),https://ease-murex.vercel.app/point/te7,"On the back of the forearm, about four finger-widths above the wrist crease, just beside the bone on the little-finger side, about one finger-width over from the middle of the forearm.",who,ok,no,,,,,,
5,standard point,TE8,Sanyangluo (Three Yang Connection),https://ease-murex.vercel.app/point/te8,"On the back of the forearm, in the groove between the two forearm bones, about one-third of the way from the wrist crease to the tip of the elbow.",who,ok,no,,,,,,
5,standard point,TE9,Sidu (Four Rivers),https://ease-murex.vercel.app/point/te9,"On the back of the forearm, in the groove between the two forearm bones, five thumb-widths (a hand-width plus three finger-widths) below the tip of the elbow.",who,ok,no,,,,,,
